Workbook
Name \a: #REF!
Name \p: #REF!
Name \S: #REF!
Name _____xlnm._FilterDatabase: #N/A
Name _____xlnm.Database: #N/A
Name _____xlnm.Print_Area: #N/A
Name _____xlnm.Print_Titles: #N/A
Name ____xlnm._FilterDatabase: #N/A
Name ____xlnm.Database: #N/A
Name ____xlnm.Print_Area: #N/A
Name ____xlnm.Print_Titles: #N/A
Name ___EMS753: #REF!
Name ___xlnm._FilterDatabase: #N/A
Name ___xlnm.Database: #N/A
Name ___xlnm.Print_Area: #N/A
Name ___xlnm.Print_Titles: #N/A
Name __EMS753: #REF!
Name __P5: #N/A
Name __S10: #N/A
Name __xlnm._FilterDatabase: #N/A
Name __xlnm.Database: #N/A
Name __xlnm.Print_Area: #N/A
Name __xlnm.Print_Titles: #N/A
Name _1_: #REF!
Name _1_0Datab: [2]BOM!#REF!
Name _10083241: "table5"
Name _175_0INVENT: [3]Consolidated!#REF!
Name _178_0STAFFS___OT: [3]Consolidated!#REF!
Name _181INVENT: [3]Consolidated!#REF!
Name _184STAFFS___OT: [3]Consolidated!#REF!
Name _2C: #REF!
Name _2Datab: [2]BOM!#REF!
Name _3_0Datab: [2]BOM!#REF!
Name _3_0INVENT: [3]Consolidated!#REF!
Name _4_0STAFFS___OT: [3]Consolidated!#REF!
Name _5INVENT: [3]Consolidated!#REF!
Name _6Datab: [2]BOM!#REF!
Name _6STAFFS___OT: [3]Consolidated!#REF!
Name _A: #REF!
Name _a1: {"'1-TheatreBkgs'!$A$1:$L$102"}
Name _a1254: #REF!
Name _a2: {"'1-TheatreBkgs'!$A$1:$L$102"}
Name _A3: #N/A
Name _a4: {"'1-TheatreBkgs'!$A$1:$L$102"}
Name _ab1: [4]!_ab1
Name _ab2: [4]!_ab2
Name _ab3: [4]!_ab3
Name _aki1: #N/A
Name _AND1: #N/A
Name _AND2: #N/A
Name _AND3: #N/A
Name _b: #REF!
Name _bom7023: #REF!
Name _BUS1: #REF!
Name _BUS10: #REF!
Name _BUS11: #REF!
Name _BUS12: #REF!
Name _BUS13: #REF!
Name _BUS14: #REF!
Name _BUS15: #REF!

Sheet Weekly Capacity (PE)
F1: 46020 | G1: =F1+7 -> 46027 | H1: =G1+7 -> 46034 | I1: =H1+7 -> 46041 | J1: =I1+7 -> 46048 | K1: =J1+7 -> 46055 | L1: =K1+7 -> 46062 | M1: =L1+7 -> 46069 | N1: =M1+7 -> 46076 | ... R1: =Q1+7 -> 46104 | T1: =R1+7 -> 46111 | U1: =T1+7 -> 46118 | V1: =U1+7 -> 46125 | W1: =V1+7 -> 46132 | X1: =W1+7 -> 46139 | Y1: =X1+7 -> 46146 | Z1: =Y1+7 -> 46153 | AA1: =Z1+7 -> 46160 | AB1: =AA1+7 -> 46167 | ... AF1: =AE1+7 -> 46195 | AH1: =AF1+7 -> 46202 | AI1: =AH1+7 -> 46209 | AJ1: =AI1+7 -> 46216 | AK1: =AJ1+7 -> 46223 | AL1: =AK1+7 -> 46230 | AM1: =AL1+7 -> 46237 | AN1: =AM1+7 -> 46244 | AO1: =AN1+7 -> 46251 | AP1: =AO1+7 -> 46258 | ... AT1: =AS1+7 -> 46286 | AV1: =AT1+7 -> 46293 | AW1: =AV1+7 -> 46300 | AX1: =AW1+7 -> 46307 | AY1: =AX1+7 -> 46314 | AZ1: =AY1+7 -> 46321 | BA1: =AZ1+7 -> 46328 | BB1: =BA1+7 -> 46335 | BC1: =BB1+7 -> 46342 | BD1: =BC1+7 -> 46349 | ... BH1: =BG1+7 -> 46377
F2: WQ326 | G2: Target 300K | S2: 190K | T2: WQ426 | AG2: 300K | AH2: WQ127 | AU2: 330K | AV2: WQ227 | BI2: 430K
F3: WW01 | G3: WW02 | H3: WW03 | I3: WW04 | J3: WW05 | K3: WW06 | L3: WW07 | M3: WW08 | N3: WW09 | O3: WW10 | P3: WW11 | Q3: WW12 | R3: WW13 | S3: Q326 | T3: WW01 | U3: WW02 | V3: WW03 | W3: WW04 | X3: WW05 | Y3: WW06 | Z3: WW07 | AA3: WW08 | AB3: WW09 | AC3: WW10 | AD3: WW11 | AE3: WW12 | AF3: WW13 | AG3: Q426 | AH3: WW01 | AI3: WW02 | AJ3: WW03 | AK3: WW04 | AL3: WW05 | AM3: WW06 | AN3: WW07 | AO3: WW08 | AP3: WW09 | AQ3: WW10 | AR3: WW11 | AS3: WW12 | AT3: WW13 | AU3: Q127 | AV3: WW01 | AW3: WW02 | AX3: WW03 | AY3: WW04 | AZ3: WW05 | BA3: WW06 | BB3: WW07 | BC3: WW08 | BD3: WW09 | BE3: WW10 | BF3: WW11 | BG3: WW12 | BH3: WW13 | BI3: Q227 | BJ3: Q327 | BK3: Q427 | BL3: Q128 | BM3: Q228
D4: Working days | F4: =$S$4/13 -> 6.4615385 | G4: =F4 -> 6.4615385 | H4: =G4 -> 6.4615385 | I4: =H4 -> 6.4615385 | J4: =I4 -> 6.4615385 | K4: =J4 -> 6.4615385 | L4: =K4 -> 6.4615385 | M4: =L4 -> 6.4615385 | N4: =M4 -> 6.4615385 | ... R4: =Q4 -> 6.4615385 | S4: 84 | T4: =$S$4/13 -> 6.4615385 | U4: =T4 -> 6.4615385 | V4: =U4 -> 6.4615385 | W4: =V4 -> 6.4615385 | X4: =W4 -> 6.4615385 | Y4: =X4 -> 6.4615385 | Z4: =Y4 -> 6.4615385 | AA4: =Z4 -> 6.4615385 | AB4: =AA4 -> 6.4615385 | ... AF4: =AE4 -> 6.4615385 | AG4: 84 | AH4: =$S$4/13 -> 6.4615385 | AI4: =AH4 -> 6.4615385 | AJ4: =AI4 -> 6.4615385 | AK4: =AJ4 -> 6.4615385 | AL4: =AK4 -> 6.4615385 | AM4: =AL4 -> 6.4615385 | AN4: =AM4 -> 6.4615385 | AO4: =AN4 -> 6.4615385 | AP4: =AO4 -> 6.4615385 | ... AT4: =AS4 -> 6.4615385 | AU4: 84 | AV4: =$S$4/13 -> 6.4615385 | AW4: =AV4 -> 6.4615385 | AX4: =AW4 -> 6.4615385 | AY4: =AX4 -> 6.4615385 | AZ4: =AY4 -> 6.4615385 | BA4: =AZ4 -> 6.4615385 | BB4: =BA4 -> 6.4615385 | BC4: =BB4 -> 6.4615385 | BD4: =BC4 -> 6.4615385 | ... BH4: =BG4 -> 6.4615385 | BI4: 84 | BJ4: 84 | BK4: 84 | BL4: 84 | BM4: 84
D5: Working Hrs | F5: 21 | G5: =F5 -> 21 | H5: =G5 -> 21 | I5: =H5 -> 21 | J5: =I5 -> 21 | K5: =J5 -> 21 | L5: =K5 -> 21 | M5: =L5 -> 21 | N5: =M5 -> 21 | ... R5: =Q5 -> 21 | S5: 21 | T5: 21 | U5: =T5 -> 21 | V5: =U5 -> 21 | W5: =V5 -> 21 | X5: =W5 -> 21 | Y5: =X5 -> 21 | Z5: =Y5 -> 21 | AA5: =Z5 -> 21 | AB5: =AA5 -> 21 | ... AF5: =AE5 -> 21 | AG5: 21 | AH5: 21 | AI5: =AH5 -> 21 | AJ5: =AI5 -> 21 | AK5: =AJ5 -> 21 | AL5: =AK5 -> 21 | AM5: =AL5 -> 21 | AN5: =AM5 -> 21 | AO5: =AN5 -> 21 | AP5: =AO5 -> 21 | ... AT5: =AS5 -> 21 | AU5: 21 | AV5: 21 | AW5: =AV5 -> 21 | AX5: =AW5 -> 21 | AY5: =AX5 -> 21 | AZ5: =AY5 -> 21 | BA5: =AZ5 -> 21 | BB5: =BA5 -> 21 | BC5: =BB5 -> 21 | BD5: =BC5 -> 21 | ... BH5: =BG5 -> 21 | BI5: 21 | BJ5: 21 | BK5: 21 | BL5: 21 | BM5: 21
D7: Working days | F7: 6 | G7: 6 | H7: 6 | I7: 6 | J7: 6 | K7: 6 | L7: 6 | M7: 6 | N7: 6 | O7: 6 | P7: 6 | Q7: 6 | R7: 6 | S7: 78 | T7: 6 | U7: 6 | V7: 6 | W7: 6 | X7: 6 | Y7: 6 | Z7: 6 | AA7: 6 | AB7: 6 | AC7: 6 | AD7: 6 | AE7: 6 | AF7: 6 | AG7: 78 | AH7: 6 | AI7: 6 | AJ7: 6 | AK7: 6 | AL7: 6 | AM7: 6 | AN7: 6 | AO7: 6 | AP7: 6 | AQ7: 6 | AR7: 6 | AS7: 6 | AT7: 6 | AU7: 78 | AV7: 6 | AW7: 6 | AX7: 6 | AY7: 6 | AZ7: 6 | BA7: 6 | BB7: 6 | BC7: 6 | BD7: 6 | BE7: 6 | BF7: 6 | BG7: 6 | BH7: 6 | BI7: 78 | BJ7: 78 | BK7: 78 | BL7: 78 | BM7: 78
D8: Working Hrs | F8: 21 | G8: 21 | H8: 21 | I8: 21 | J8: 21 | K8: 21 | L8: 21 | M8: 21 | N8: 21 | O8: 21 | P8: 21 | Q8: 21 | R8: 21 | S8: 21 | T8: 21 | U8: 21 | V8: 21 | W8: 21 | X8: 21 | Y8: 21 | Z8: 21 | AA8: 21 | AB8: 21 | AC8: 21 | AD8: 21 | AE8: 21 | AF8: 21 | AG8: 21 | AH8: 21 | AI8: 21 | AJ8: 21 | AK8: 21 | AL8: 21 | AM8: 21 | AN8: 21 | AO8: 21 | AP8: 21 | AQ8: 21 | AR8: 21 | AS8: 21 | AT8: 21 | AU8: 21 | AV8: 21 | AW8: 21 | AX8: 21 | AY8: 21 | AZ8: 21 | BA8: 21 | BB8: 21 | BC8: 21 | BD8: 21 | BE8: 21 | BF8: 21 | BG8: 21 | BH8: 21 | BI8: 21 | BJ8: 21 | BK8: 21 | BL8: 21 | BM8: 21
D9: Demand S&OP
D10: Total build plan | F10: =$S10*F$4/SUM($F$4:$R$4) -> 37279.511 | G10: =$S10*G$4/SUM($F$4:$R$4) -> 37279.511 | H10: =$S10*H$4/SUM($F$4:$R$4) -> 37279.511 | I10: =$S10*I$4/SUM($F$4:$R$4) -> 37279.511 | J10: =$S10*J$4/SUM($F$4:$R$4) -> 37279.511 | K10: =$S10*K$4/SUM($F$4:$R$4) -> 37279.511 | L10: =$S10*L$4/SUM($F$4:$R$4) -> 37279.511 | M10: =$S10*M$4/SUM($F$4:$R$4) -> 37279.511 | ... R10: =$S10*R$4/SUM($F$4:$R$4) -> 37279.511 | S10: =SUM(S11:S15,S20:S21) -> 484633.65 | T10: =$AG10*T$4/SUM($T$4:$AF$4) -> 55380.14 | U10: =$AG10*U$4/SUM($T$4:$AF$4) -> 55380.14 | V10: =$AG10*V$4/SUM($T$4:$AF$4) -> 55380.14 | W10: =$AG10*W$4/SUM($T$4:$AF$4) -> 55380.14 | X10: =$AG10*X$4/SUM($T$4:$AF$4) -> 55380.14 | Y10: =$AG10*Y$4/SUM($T$4:$AF$4) -> 55380.14 | Z10: =$AG10*Z$4/SUM($T$4:$AF$4) -> 55380.14 | AA10: =$AG10*AA$4/SUM($T$4:$AF$4) -> 55380.14 | ... AF10: =$AG10*AF$4/SUM($T$4:$AF$4) -> 55380.14 | AG10: =SUM(AG11:AG15,AG20:AG21) -> 719941.82 | AH10: =$AG10*AH$4/SUM($T$4:$AF$4) -> 55380.14 | AI10: =$AG10*AI$4/SUM($T$4:$AF$4) -> 55380.14 | AJ10: =$AG10*AJ$4/SUM($T$4:$AF$4) -> 55380.14 | AK10: =$AG10*AK$4/SUM($T$4:$AF$4) -> 55380.14 | AL10: =$AG10*AL$4/SUM($T$4:$AF$4) -> 55380.14 | AM10: =$AG10*AM$4/SUM($T$4:$AF$4) -> 55380.14 | AN10: =$AG10*AN$4/SUM($T$4:$AF$4) -> 55380.14 | AO10: =$AG10*AO$4/SUM($T$4:$AF$4) -> 55380.14 | ... AT10: =$AG10*AT$4/SUM($T$4:$AF$4) -> 55380.14 | AU10: =SUM(AU11:AU15,AU20:AU21) -> 1718829.9 | AV10: =$AG10*AV$4/SUM($T$4:$AF$4) -> 55380.14 | AW10: =$AG10*AW$4/SUM($T$4:$AF$4) -> 55380.14 | AX10: =$AG10*AX$4/SUM($T$4:$AF$4) -> 55380.14 | AY10: =$AG10*AY$4/SUM($T$4:$AF$4) -> 55380.14 | AZ10: =$AG10*AZ$4/SUM($T$4:$AF$4) -> 55380.14 | BA10: =$AG10*BA$4/SUM($T$4:$AF$4) -> 55380.14 | BB10: =$AG10*BB$4/SUM($T$4:$AF$4) -> 55380.14 | BC10: =$AG10*BC$4/SUM($T$4:$AF$4) -> 55380.14 | ... BH10: =$AG10*BH$4/SUM($T$4:$AF$4) -> 55380.14 | BI10: =SUM(BI11:BI15,BI20:BI21) -> 1169535.9 | BJ10: =SUM(BJ11:BJ15,BJ20:BJ21) -> 1300568 | BK10: =SUM(BK11:BK15,BK20:BK21) -> 1297632.1 | BL10: =SUM(BL11:BL15,BL20:BL21) -> 1320538.8 | BM10: =SUM(BM11:BM15,BM20:BM21) -> 1434725.5
D11: Hoplite (FBG) 980 | F11: =$S11*F$4/SUM($F$4:$R$4) -> 13343.22 | G11: =$S11*G$4/SUM($F$4:$R$4) -> 13343.22 | H11: =$S11*H$4/SUM($F$4:$R$4) -> 13343.22 | I11: =$S11*I$4/SUM($F$4:$R$4) -> 13343.22 | J11: =$S11*J$4/SUM($F$4:$R$4) -> 13343.22 | K11: =$S11*K$4/SUM($F$4:$R$4) -> 13343.22 | L11: =$S11*L$4/SUM($F$4:$R$4) -> 13343.22 | M11: =$S11*M$4/SUM($F$4:$R$4) -> 13343.22 | ... R11: =$S11*R$4/SUM($F$4:$R$4) -> 13343.22 | S11: ='[64]Main Demand SOP'!I41 -> 173461.86 | T11: =$AG11*T$4/SUM($T$4:$AF$4) -> 21744.171 | U11: =$AG11*U$4/SUM($T$4:$AF$4) -> 21744.171 | V11: =$AG11*V$4/SUM($T$4:$AF$4) -> 21744.171 | W11: =$AG11*W$4/SUM($T$4:$AF$4) -> 21744.171 | X11: =$AG11*X$4/SUM($T$4:$AF$4) -> 21744.171 | Y11: =$AG11*Y$4/SUM($T$4:$AF$4) -> 21744.171 | Z11: =$AG11*Z$4/SUM($T$4:$AF$4) -> 21744.171 | AA11: =$AG11*AA$4/SUM($T$4:$AF$4) -> 21744.171 | ... AF11: =$AG11*AF$4/SUM($T$4:$AF$4) -> 21744.171 | AG11: ='[64]Main Demand SOP'!J41 -> 282674.23 | AH11: =$AU11*AH$4/SUM($AH$4:$AT$4) -> 53482.395 | AI11: =$AU11*AI$4/SUM($AH$4:$AT$4) -> 53482.395 | AJ11: =$AU11*AJ$4/SUM($AH$4:$AT$4) -> 53482.395 | AK11: =$AU11*AK$4/SUM($AH$4:$AT$4) -> 53482.395 | AL11: =$AU11*AL$4/SUM($AH$4:$AT$4) -> 53482.395 | AM11: =$AU11*AM$4/SUM($AH$4:$AT$4) -> 53482.395 | AN11: =$AU11*AN$4/SUM($AH$4:$AT$4) -> 53482.395 | AO11: =$AU11*AO$4/SUM($AH$4:$AT$4) -> 53482.395 | ... AT11: =$AU11*AT$4/SUM($AH$4:$AT$4) -> 53482.395 | AU11: ='[64]Main Demand SOP'!K41 -> 695271.13 | AV11: =$BL11*AV$4/SUM($AH$4:$AT$4) -> 34887.946 | AW11: =$BL11*AW$4/SUM($AH$4:$AT$4) -> 34887.946 | AX11: =$BL11*AX$4/SUM($AH$4:$AT$4) -> 34887.946 | AY11: =$BL11*AY$4/SUM($AH$4:$AT$4) -> 34887.946 | AZ11: =$BL11*AZ$4/SUM($AH$4:$AT$4) -> 34887.946 | BA11: =$BL11*BA$4/SUM($AH$4:$AT$4) -> 34887.946 | BB11: =$BL11*BB$4/SUM($AH$4:$AT$4) -> 34887.946 | BC11: =$BL11*BC$4/SUM($AH$4:$AT$4) -> 34887.946 | ... BH11: =$BL11*BH$4/SUM($AH$4:$AT$4) -> 34887.946 | BI11: ='[64]Main Demand SOP'!L41 -> 383527.84 | BJ11: ='[64]Main Demand SOP'!M41 -> 462516.49 | BK11: ='[64]Main Demand SOP'!N41 -> 460021.65 | BL11: ='[64]Main Demand SOP'!O41 -> 453543.3 | BM11: ='[64]Main Demand SOP'!P41 -> 452400 | BN11: =S11/$S$10 -> 0.35792367
D12: Hoplite (FBG) 14xx | F12: =$S12*F$4/SUM($F$4:$R$4) -> 4520.8462 | G12: =$S12*G$4/SUM($F$4:$R$4) -> 4520.8462 | H12: =$S12*H$4/SUM($F$4:$R$4) -> 4520.8462 | I12: =$S12*I$4/SUM($F$4:$R$4) -> 4520.8462 | J12: =$S12*J$4/SUM($F$4:$R$4) -> 4520.8462 | K12: =$S12*K$4/SUM($F$4:$R$4) -> 4520.8462 | L12: =$S12*L$4/SUM($F$4:$R$4) -> 4520.8462 | M12: =$S12*M$4/SUM($F$4:$R$4) -> 4520.8462 | ... R12: =$S12*R$4/SUM($F$4:$R$4) -> 4520.8462 | S12: ='[64]Main Demand SOP'!I42 -> 58771 | T12: =$AG12*T$4/SUM($T$4:$AF$4) -> 4601.2308 | U12: =$AG12*U$4/SUM($T$4:$AF$4) -> 4601.2308 | V12: =$AG12*V$4/SUM($T$4:$AF$4) -> 4601.2308 | W12: =$AG12*W$4/SUM($T$4:$AF$4) -> 4601.2308 | X12: =$AG12*X$4/SUM($T$4:$AF$4) -> 4601.2308 | Y12: =$AG12*Y$4/SUM($T$4:$AF$4) -> 4601.2308 | Z12: =$AG12*Z$4/SUM($T$4:$AF$4) -> 4601.2308 | AA12: =$AG12*AA$4/SUM($T$4:$AF$4) -> 4601.2308 | ... AF12: =$AG12*AF$4/SUM($T$4:$AF$4) -> 4601.2308 | AG12: ='[64]Main Demand SOP'!J42 -> 59816 | AH12: =$AU12*AH$4/SUM($AH$4:$AT$4) -> 9226.8462 | AI12: =$AU12*AI$4/SUM($AH$4:$AT$4) -> 9226.8462 | AJ12: =$AU12*AJ$4/SUM($AH$4:$AT$4) -> 9226.8462 | AK12: =$AU12*AK$4/SUM($AH$4:$AT$4) -> 9226.8462 | AL12: =$AU12*AL$4/SUM($AH$4:$AT$4) -> 9226.8462 | AM12: =$AU12*AM$4/SUM($AH$4:$AT$4) -> 9226.8462 | AN12: =$AU12*AN$4/SUM($AH$4:$AT$4) -> 9226.8462 | AO12: =$AU12*AO$4/SUM($AH$4:$AT$4) -> 9226.8462 | ... AT12: =$AU12*AT$4/SUM($AH$4:$AT$4) -> 9226.8462 | AU12: ='[64]Main Demand SOP'!K42 -> 119949 | AV12: =$BL12*AV$4/SUM($AH$4:$AT$4) -> 10552.846 | AW12: =$BL12*AW$4/SUM($AH$4:$AT$4) -> 10552.846 | AX12: =$BL12*AX$4/SUM($AH$4:$AT$4) -> 10552.846 | AY12: =$BL12*AY$4/SUM($AH$4:$AT$4) -> 10552.846 | AZ12: =$BL12*AZ$4/SUM($AH$4:$AT$4) -> 10552.846 | BA12: =$BL12*BA$4/SUM($AH$4:$AT$4) -> 10552.846 | BB12: =$BL12*BB$4/SUM($AH$4:$AT$4) -> 10552.846 | BC12: =$BL12*BC$4/SUM($AH$4:$AT$4) -> 10552.846 | ... BH12: =$BL12*BH$4/SUM($AH$4:$AT$4) -> 10552.846 | BI12: ='[64]Main Demand SOP'!L42 -> 117682 | BJ12: ='[64]Main Demand SOP'!M42 -> 115772 | BK12: ='[64]Main Demand SOP'!N42 -> 117725 | BL12: ='[64]Main Demand SOP'!O42 -> 137187 | BM12: ='[64]Main Demand SOP'!P42 -> 192849 | BN12: =S12/$S$10 -> 0.12126892
D13: Hoplens (FTA) 980 | F13: =$S13*F$4/SUM($F$4:$R$4) -> 12942.923 | G13: =$S13*G$4/SUM($F$4:$R$4) -> 12942.923 | H13: =$S13*H$4/SUM($F$4:$R$4) -> 12942.923 | I13: =$S13*I$4/SUM($F$4:$R$4) -> 12942.923 | J13: =$S13*J$4/SUM($F$4:$R$4) -> 12942.923 | K13: =$S13*K$4/SUM($F$4:$R$4) -> 12942.923 | L13: =$S13*L$4/SUM($F$4:$R$4) -> 12942.923 | M13: =$S13*M$4/SUM($F$4:$R$4) -> 12942.923 | ... R13: =$S13*R$4/SUM($F$4:$R$4) -> 12942.923 | S13: ='[64]Main Demand SOP'!I43 -> 168258 | T13: =$AG13*T$4/SUM($T$4:$AF$4) -> 21091.846 | U13: =$AG13*U$4/SUM($T$4:$AF$4) -> 21091.846 | V13: =$AG13*V$4/SUM($T$4:$AF$4) -> 21091.846 | W13: =$AG13*W$4/SUM($T$4:$AF$4) -> 21091.846 | X13: =$AG13*X$4/SUM($T$4:$AF$4) -> 21091.846 | Y13: =$AG13*Y$4/SUM($T$4:$AF$4) -> 21091.846 | Z13: =$AG13*Z$4/SUM($T$4:$AF$4) -> 21091.846 | AA13: =$AG13*AA$4/SUM($T$4:$AF$4) -> 21091.846 | ... AF13: =$AG13*AF$4/SUM($T$4:$AF$4) -> 21091.846 | AG13: ='[64]Main Demand SOP'!J43 -> 274194 | AH13: =$AU13*AH$4/SUM($AH$4:$AT$4) -> 51877.923 | AI13: =$AU13*AI$4/SUM($AH$4:$AT$4) -> 51877.923 | AJ13: =$AU13*AJ$4/SUM($AH$4:$AT$4) -> 51877.923 | AK13: =$AU13*AK$4/SUM($AH$4:$AT$4) -> 51877.923 | AL13: =$AU13*AL$4/SUM($AH$4:$AT$4) -> 51877.923 | AM13: =$AU13*AM$4/SUM($AH$4:$AT$4) -> 51877.923 | AN13: =$AU13*AN$4/SUM($AH$4:$AT$4) -> 51877.923 | AO13: =$AU13*AO$4/SUM($AH$4:$AT$4) -> 51877.923 | ... AT13: =$AU13*AT$4/SUM($AH$4:$AT$4) -> 51877.923 | AU13: ='[64]Main Demand SOP'!K43 -> 674413 | AV13: =$BL13*AV$4/SUM($AH$4:$AT$4) -> 33841.308 | AW13: =$BL13*AW$4/SUM($AH$4:$AT$4) -> 33841.308 | AX13: =$BL13*AX$4/SUM($AH$4:$AT$4) -> 33841.308 | AY13: =$BL13*AY$4/SUM($AH$4:$AT$4) -> 33841.308 | AZ13: =$BL13*AZ$4/SUM($AH$4:$AT$4) -> 33841.308 | BA13: =$BL13*BA$4/SUM($AH$4:$AT$4) -> 33841.308 | BB13: =$BL13*BB$4/SUM($AH$4:$AT$4) -> 33841.308 | BC13: =$BL13*BC$4/SUM($AH$4:$AT$4) -> 33841.308 | ... BH13: =$BL13*BH$4/SUM($AH$4:$AT$4) -> 33841.308 | BI13: ='[64]Main Demand SOP'!L43 -> 372022 | BJ13: ='[64]Main Demand SOP'!M43 -> 448641 | BK13: ='[64]Main Demand SOP'!N43 -> 446221 | BL13: ='[64]Main Demand SOP'!O43 -> 439937 | BM13: ='[64]Main Demand SOP'!P43 -> 438828 | BN13: =S13/$S$10 -> 0.34718596
D14: Hoplens (FLA) 14xx | F14: =$S14*F$4/SUM($F$4:$R$4) -> 4861.9231 | G14: =$S14*G$4/SUM($F$4:$R$4) -> 4861.9231 | H14: =$S14*H$4/SUM($F$4:$R$4) -> 4861.9231 | I14: =$S14*I$4/SUM($F$4:$R$4) -> 4861.9231 | J14: =$S14*J$4/SUM($F$4:$R$4) -> 4861.9231 | K14: =$S14*K$4/SUM($F$4:$R$4) -> 4861.9231 | L14: =$S14*L$4/SUM($F$4:$R$4) -> 4861.9231 | M14: =$S14*M$4/SUM($F$4:$R$4) -> 4861.9231 | ... R14: =$S14*R$4/SUM($F$4:$R$4) -> 4861.9231 | S14: ='[64]Main Demand SOP'!I44 -> 63205 | T14: =$AG14*T$4/SUM($T$4:$AF$4) -> 4948.7692 | U14: =$AG14*U$4/SUM($T$4:$AF$4) -> 4948.7692 | V14: =$AG14*V$4/SUM($T$4:$AF$4) -> 4948.7692 | W14: =$AG14*W$4/SUM($T$4:$AF$4) -> 4948.7692 | X14: =$AG14*X$4/SUM($T$4:$AF$4) -> 4948.7692 | Y14: =$AG14*Y$4/SUM($T$4:$AF$4) -> 4948.7692 | Z14: =$AG14*Z$4/SUM($T$4:$AF$4) -> 4948.7692 | AA14: =$AG14*AA$4/SUM($T$4:$AF$4) -> 4948.7692 | ... AF14: =$AG14*AF$4/SUM($T$4:$AF$4) -> 4948.7692 | AG14: ='[64]Main Demand SOP'!J44 -> 64334 | AH14: =$AU14*AH$4/SUM($AH$4:$AT$4) -> 9921.9231 | AI14: =$AU14*AI$4/SUM($AH$4:$AT$4) -> 9921.9231 | AJ14: =$AU14*AJ$4/SUM($AH$4:$AT$4) -> 9921.9231 | AK14: =$AU14*AK$4/SUM($AH$4:$AT$4) -> 9921.9231 | AL14: =$AU14*AL$4/SUM($AH$4:$AT$4) -> 9921.9231 | AM14: =$AU14*AM$4/SUM($AH$4:$AT$4) -> 9921.9231 | AN14: =$AU14*AN$4/SUM($AH$4:$AT$4) -> 9921.9231 | AO14: =$AU14*AO$4/SUM($AH$4:$AT$4) -> 9921.9231 | ... AT14: =$AU14*AT$4/SUM($AH$4:$AT$4) -> 9921.9231 | AU14: ='[64]Main Demand SOP'!K44 -> 128985 | AV14: =$BL14*AV$4/SUM($AH$4:$AT$4) -> 11348.154 | AW14: =$BL14*AW$4/SUM($AH$4:$AT$4) -> 11348.154 | AX14: =$BL14*AX$4/SUM($AH$4:$AT$4) -> 11348.154 | AY14: =$BL14*AY$4/SUM($AH$4:$AT$4) -> 11348.154 | AZ14: =$BL14*AZ$4/SUM($AH$4:$AT$4) -> 11348.154 | BA14: =$BL14*BA$4/SUM($AH$4:$AT$4) -> 11348.154 | BB14: =$BL14*BB$4/SUM($AH$4:$AT$4) -> 11348.154 | BC14: =$BL14*BC$4/SUM($AH$4:$AT$4) -> 11348.154 | ... BH14: =$BL14*BH$4/SUM($AH$4:$AT$4) -> 11348.154 | BI14: ='[64]Main Demand SOP'!L44 -> 126563 | BJ14: ='[64]Main Demand SOP'!M44 -> 124480 | BK14: ='[64]Main Demand SOP'!N44 -> 126582 | BL14: ='[64]Main Demand SOP'!O44 -> 147526 | BM14: ='[64]Main Demand SOP'!P44 -> 207427 | BN14: =S14/$S$10 -> 0.1304181
D15: Hoplens (FTA) H1x | F15: =$S15*F$4/SUM($F$4:$R$4) -> 1268.1538 | G15: =$S15*G$4/SUM($F$4:$R$4) -> 1268.1538 | H15: =$S15*H$4/SUM($F$4:$R$4) -> 1268.1538 | I15: =$S15*I$4/SUM($F$4:$R$4) -> 1268.1538 | J15: =$S15*J$4/SUM($F$4:$R$4) -> 1268.1538 | K15: =$S15*K$4/SUM($F$4:$R$4) -> 1268.1538 | L15: =$S15*L$4/SUM($F$4:$R$4) -> 1268.1538 | M15: =$S15*M$4/SUM($F$4:$R$4) -> 1268.1538 | ... R15: =$S15*R$4/SUM($F$4:$R$4) -> 1268.1538 | S15: ='[64]Main Demand SOP'!I45 -> 16486 | T15: =$AG15*T$4/SUM($T$4:$AF$4) -> 2617.3077 | U15: =$AG15*U$4/SUM($T$4:$AF$4) -> 2617.3077 | V15: =$AG15*V$4/SUM($T$4:$AF$4) -> 2617.3077 | W15: =$AG15*W$4/SUM($T$4:$AF$4) -> 2617.3077 | X15: =$AG15*X$4/SUM($T$4:$AF$4) -> 2617.3077 | Y15: =$AG15*Y$4/SUM($T$4:$AF$4) -> 2617.3077 | Z15: =$AG15*Z$4/SUM($T$4:$AF$4) -> 2617.3077 | AA15: =$AG15*AA$4/SUM($T$4:$AF$4) -> 2617.3077 | ... AF15: =$AG15*AF$4/SUM($T$4:$AF$4) -> 2617.3077 | AG15: ='[64]Main Demand SOP'!J45 -> 34025 | AH15: =$AU15*AH$4/SUM($AH$4:$AT$4) -> 7487.3846 | AI15: =$AU15*AI$4/SUM($AH$4:$AT$4) -> 7487.3846 | AJ15: =$AU15*AJ$4/SUM($AH$4:$AT$4) -> 7487.3846 | AK15: =$AU15*AK$4/SUM($AH$4:$AT$4) -> 7487.3846 | AL15: =$AU15*AL$4/SUM($AH$4:$AT$4) -> 7487.3846 | AM15: =$AU15*AM$4/SUM($AH$4:$AT$4) -> 7487.3846 | AN15: =$AU15*AN$4/SUM($AH$4:$AT$4) -> 7487.3846 | AO15: =$AU15*AO$4/SUM($AH$4:$AT$4) -> 7487.3846 | ... AT15: =$AU15*AT$4/SUM($AH$4:$AT$4) -> 7487.3846 | AU15: ='[64]Main Demand SOP'!K45 -> 97336 | AV15: =$BL15*AV$4/SUM($AH$4:$AT$4) -> 10462.231 | AW15: =$BL15*AW$4/SUM($AH$4:$AT$4) -> 10462.231 | AX15: =$BL15*AX$4/SUM($AH$4:$AT$4) -> 10462.231 | AY15: =$BL15*AY$4/SUM($AH$4:$AT$4) -> 10462.231 | AZ15: =$BL15*AZ$4/SUM($AH$4:$AT$4) -> 10462.231 | BA15: =$BL15*BA$4/SUM($AH$4:$AT$4) -> 10462.231 | BB15: =$BL15*BB$4/SUM($AH$4:$AT$4) -> 10462.231 | BC15: =$BL15*BC$4/SUM($AH$4:$AT$4) -> 10462.231 | ... BH15: =$BL15*BH$4/SUM($AH$4:$AT$4) -> 10462.231 | BI15: ='[64]Main Demand SOP'!L45 -> 166122 | BJ15: ='[64]Main Demand SOP'!M45 -> 142822 | BK15: ='[64]Main Demand SOP'!N45 -> 140746 | BL15: ='[64]Main Demand SOP'!O45 -> 136009 | BM15: ='[64]Main Demand SOP'!P45 -> 136885 | BN15: =S15/$S$10 -> 0.034017448
D16: (FBG/FLA) 14xx Turn-Key
D17: Hoplite | F17: =SUM(F11:F12) -> 17864.066 | G17: =SUM(G11:G12) -> 17864.066 | H17: =SUM(H11:H12) -> 17864.066 | I17: =SUM(I11:I12) -> 17864.066 | J17: =SUM(J11:J12) -> 17864.066 | K17: =SUM(K11:K12) -> 17864.066 | L17: =SUM(L11:L12) -> 17864.066 | M17: =SUM(M11:M12) -> 17864.066 | ... AG17: =SUM(AG11:AG12) -> 342490.23 | AU17: =SUM(AU11:AU12) -> 815220.13 | BI17: =SUM(BI11:BI12) -> 501209.84 | BJ17: =SUM(BJ11:BJ12) -> 578288.49 | BK17: =SUM(BK11:BK12) -> 577746.65 | BL17: =SUM(BL11:BL12) -> 590730.3 | BM17: =SUM(BM11:BM12) -> 645249
D18: Hoplens | F18: =SUM(F13:F15) -> 19073 | G18: =SUM(G13:G15) -> 19073 | H18: =SUM(H13:H15) -> 19073 | I18: =SUM(I13:I15) -> 19073 | J18: =SUM(J13:J15) -> 19073 | K18: =SUM(K13:K15) -> 19073 | L18: =SUM(L13:L15) -> 19073 | M18: =SUM(M13:M15) -> 19073 | ... AG18: =SUM(AG13:AG15) -> 372553 | AU18: =SUM(AU13:AU15) -> 900734 | BI18: =SUM(BI13:BI15) -> 664707 | BJ18: =SUM(BJ13:BJ15) -> 715943 | BK18: =SUM(BK13:BK15) -> 713549 | BL18: =SUM(BL13:BL15) -> 723472 | BM18: =SUM(BM13:BM15) -> 783140
D19: Total HLHL | S19: =SUM(S12:S15) -> 306720 | AG19: =SUM(AG12:AG15) -> 432369 | AU19: =SUM(AU12:AU15) -> 1020683 | BI19: =SUM(BI12:BI15) -> 782389 | BJ19: =SUM(BJ12:BJ15) -> 831715 | BK19: =SUM(BK12:BK15) -> 831274 | BL19: =SUM(BL12:BL15) -> 860659 | BM19: =SUM(BM12:BM15) -> 975989
D20: Hoplite (FBG) HRS | F20: =$S20*F$4/SUM($F$4:$R$4) -> 173.83029 | G20: =$S20*G$4/SUM($F$4:$R$4) -> 173.83029 | H20: =$S20*H$4/SUM($F$4:$R$4) -> 173.83029 | I20: =$S20*I$4/SUM($F$4:$R$4) -> 173.83029 | J20: =$S20*J$4/SUM($F$4:$R$4) -> 173.83029 | K20: =$S20*K$4/SUM($F$4:$R$4) -> 173.83029 | L20: =$S20*L$4/SUM($F$4:$R$4) -> 173.83029 | M20: =$S20*M$4/SUM($F$4:$R$4) -> 173.83029 | ... R20: =$S20*R$4/SUM($F$4:$R$4) -> 173.83029 | S20: =S21/0.97 -> 2259.7938 | T20: =$AG20*T$4/SUM($T$4:$AF$4) -> 191.27676 | U20: =$AG20*U$4/SUM($T$4:$AF$4) -> 191.27676 | V20: =$AG20*V$4/SUM($T$4:$AF$4) -> 191.27676 | W20: =$AG20*W$4/SUM($T$4:$AF$4) -> 191.27676 | X20: =$AG20*X$4/SUM($T$4:$AF$4) -> 191.27676 | Y20: =$AG20*Y$4/SUM($T$4:$AF$4) -> 191.27676 | Z20: =$AG20*Z$4/SUM($T$4:$AF$4) -> 191.27676 | AA20: =$AG20*AA$4/SUM($T$4:$AF$4) -> 191.27676 | ... AF20: =$AG20*AF$4/SUM($T$4:$AF$4) -> 191.27676 | AG20: =AG21/0.97 -> 2486.5979 | AH20: =$AU20*AH$4/SUM($AH$4:$AT$4) -> 112.29183 | AI20: =$AU20*AI$4/SUM($AH$4:$AT$4) -> 112.29183 | AJ20: =$AU20*AJ$4/SUM($AH$4:$AT$4) -> 112.29183 | AK20: =$AU20*AK$4/SUM($AH$4:$AT$4) -> 112.29183 | AL20: =$AU20*AL$4/SUM($AH$4:$AT$4) -> 112.29183 | AM20: =$AU20*AM$4/SUM($AH$4:$AT$4) -> 112.29183 | AN20: =$AU20*AN$4/SUM($AH$4:$AT$4) -> 112.29183 | AO20: =$AU20*AO$4/SUM($AH$4:$AT$4) -> 112.29183 | ... AT20: =$AU20*AT$4/SUM($AH$4:$AT$4) -> 112.29183 | AU20: =AU21/0.97 -> 1459.7938 | AV20: =$AU20*AV$4/SUM($AH$4:$AT$4) -> 112.29183 | AW20: =$AU20*AW$4/SUM($AH$4:$AT$4) -> 112.29183 | AX20: =$AU20*AX$4/SUM($AH$4:$AT$4) -> 112.29183 | AY20: =$AU20*AY$4/SUM($AH$4:$AT$4) -> 112.29183 | AZ20: =$AU20*AZ$4/SUM($AH$4:$AT$4) -> 112.29183 | BA20: =$AU20*BA$4/SUM($AH$4:$AT$4) -> 112.29183 | BB20: =$AU20*BB$4/SUM($AH$4:$AT$4) -> 112.29183 | BC20: =$AU20*BC$4/SUM($AH$4:$AT$4) -> 112.29183 | ... BH20: =$AU20*BH$4/SUM($AH$4:$AT$4) -> 112.29183 | BI20: =BI21/0.97 -> 1837.1134 | BJ20: =BJ21/0.97 -> 3216.4948 | BK20: =BK21/0.97 -> 3216.4948 | BL20: =BL21/0.97 -> 3216.4948 | BM20: =BM21/0.97 -> 3216.4948
D21: Hoplens (FTA) HRS | F21: =$S21*F$4/SUM($F$4:$R$4) -> 168.61538 | G21: =$S21*G$4/SUM($F$4:$R$4) -> 168.61538 | H21: =$S21*H$4/SUM($F$4:$R$4) -> 168.61538 | I21: =$S21*I$4/SUM($F$4:$R$4) -> 168.61538 | J21: =$S21*J$4/SUM($F$4:$R$4) -> 168.61538 | K21: =$S21*K$4/SUM($F$4:$R$4) -> 168.61538 | L21: =$S21*L$4/SUM($F$4:$R$4) -> 168.61538 | M21: =$S21*M$4/SUM($F$4:$R$4) -> 168.61538 | ... R21: =$S21*R$4/SUM($F$4:$R$4) -> 168.61538 | S21: 2192 | T21: =$AG21*T$4/SUM($T$4:$AF$4) -> 185.53846 | U21: =$AG21*U$4/SUM($T$4:$AF$4) -> 185.53846 | V21: =$AG21*V$4/SUM($T$4:$AF$4) -> 185.53846 | W21: =$AG21*W$4/SUM($T$4:$AF$4) -> 185.53846 | X21: =$AG21*X$4/SUM($T$4:$AF$4) -> 185.53846 | Y21: =$AG21*Y$4/SUM($T$4:$AF$4) -> 185.53846 | Z21: =$AG21*Z$4/SUM($T$4:$AF$4) -> 185.53846 | AA21: =$AG21*AA$4/SUM($T$4:$AF$4) -> 185.53846 | ... AF21: =$AG21*AF$4/SUM($T$4:$AF$4) -> 185.53846 | AG21: 2412 | AH21: =$AU21*AH$4/SUM($AH$4:$AT$4) -> 108.92308 | AI21: =$AU21*AI$4/SUM($AH$4:$AT$4) -> 108.92308 | AJ21: =$AU21*AJ$4/SUM($AH$4:$AT$4) -> 108.92308 | AK21: =$AU21*AK$4/SUM($AH$4:$AT$4) -> 108.92308 | AL21: =$AU21*AL$4/SUM($AH$4:$AT$4) -> 108.92308 | AM21: =$AU21*AM$4/SUM($AH$4:$AT$4) -> 108.92308 | AN21: =$AU21*AN$4/SUM($AH$4:$AT$4) -> 108.92308 | AO21: =$AU21*AO$4/SUM($AH$4:$AT$4) -> 108.92308 | ... AT21: =$AU21*AT$4/SUM($AH$4:$AT$4) -> 108.92308 | AU21: 1416 | AV21: =$AU21*AV$4/SUM($AH$4:$AT$4) -> 108.92308 | AW21: =$AU21*AW$4/SUM($AH$4:$AT$4) -> 108.92308 | AX21: =$AU21*AX$4/SUM($AH$4:$AT$4) -> 108.92308 | AY21: =$AU21*AY$4/SUM($AH$4:$AT$4) -> 108.92308 | AZ21: =$AU21*AZ$4/SUM($AH$4:$AT$4) -> 108.92308 | BA21: =$AU21*BA$4/SUM($AH$4:$AT$4) -> 108.92308 | BB21: =$AU21*BB$4/SUM($AH$4:$AT$4) -> 108.92308 | BC21: =$AU21*BC$4/SUM($AH$4:$AT$4) -> 108.92308 | ... BH21: =$AU21*BH$4/SUM($AH$4:$AT$4) -> 108.92308 | BI21: 1782 | BJ21: 3120 | BK21: 3120 | BL21: 3120 | BM21: 3120
D22: HRS | F22: =SUM(F20:F21) -> 342.44568 | G22: =SUM(G20:G21) -> 342.44568 | H22: =SUM(H20:H21) -> 342.44568 | I22: =SUM(I20:I21) -> 342.44568 | J22: =SUM(J20:J21) -> 342.44568 | K22: =SUM(K20:K21) -> 342.44568 | L22: =SUM(L20:L21) -> 342.44568 | M22: =SUM(M20:M21) -> 342.44568 | ... AG22: =SUM(AG20:AG21) -> 4898.5979 | AU22: =SUM(AU20:AU21) -> 2875.7938 | BI22: =SUM(BI20:BI21) -> 3619.1134 | BJ22: =SUM(BJ20:BJ21) -> 6336.4948 | BK22: =SUM(BK20:BK21) -> 6336.4948 | BL22: =SUM(BL20:BL21) -> 6336.4948 | BM22: =SUM(BM20:BM21) -> 6336.4948
D23: Capacity target
D24: Total build plan | F24: =$S24*F$4/SUM($F$4:$R$4) -> 35649.08 | G24: =$S24*G$4/SUM($F$4:$R$4) -> 35649.08 | H24: =$S24*H$4/SUM($F$4:$R$4) -> 35649.08 | I24: =$S24*I$4/SUM($F$4:$R$4) -> 35649.08 | J24: =$S24*J$4/SUM($F$4:$R$4) -> 35649.08 | K24: =$S24*K$4/SUM($F$4:$R$4) -> 35649.08 | L24: =$S24*L$4/SUM($F$4:$R$4) -> 35649.08 | M24: =$S24*M$4/SUM($F$4:$R$4) -> 35649.08 | ... R24: =$S24*R$4/SUM($F$4:$R$4) -> 35649.08 | S24: =SUM(S25:S29,S34:S35) -> 463438.05 | T24: =$AG24*T$4/SUM($T$4:$AF$4) -> 53763.214 | U24: =$AG24*U$4/SUM($T$4:$AF$4) -> 53763.214 | V24: =$AG24*V$4/SUM($T$4:$AF$4) -> 53763.214 | W24: =$AG24*W$4/SUM($T$4:$AF$4) -> 53763.214 | X24: =$AG24*X$4/SUM($T$4:$AF$4) -> 53763.214 | Y24: =$AG24*Y$4/SUM($T$4:$AF$4) -> 53763.214 | Z24: =$AG24*Z$4/SUM($T$4:$AF$4) -> 53763.214 | AA24: =$AG24*AA$4/SUM($T$4:$AF$4) -> 53763.214 | ... AF24: =$AG24*AF$4/SUM($T$4:$AF$4) -> 53763.214 | AG24: =SUM(AG25:AG29,AG34:AG35) -> 698921.78 | AH24: =$AG24*AH$4/SUM($T$4:$AF$4) -> 53763.214 | AI24: =$AG24*AI$4/SUM($T$4:$AF$4) -> 53763.214 | AJ24: =$AG24*AJ$4/SUM($T$4:$AF$4) -> 53763.214 | AK24: =$AG24*AK$4/SUM($T$4:$AF$4) -> 53763.214 | AL24: =$AG24*AL$4/SUM($T$4:$AF$4) -> 53763.214 | AM24: =$AG24*AM$4/SUM($T$4:$AF$4) -> 53763.214 | AN24: =$AG24*AN$4/SUM($T$4:$AF$4) -> 53763.214 | AO24: =$AG24*AO$4/SUM($T$4:$AF$4) -> 53763.214 | ... AT24: =$AG24*AT$4/SUM($T$4:$AF$4) -> 53763.214 | AU24: =SUM(AU25:AU29,AU34:AU35) -> 710103.73 | AV24: =$AG24*AV$4/SUM($T$4:$AF$4) -> 53763.214 | AW24: =$AG24*AW$4/SUM($T$4:$AF$4) -> 53763.214 | AX24: =$AG24*AX$4/SUM($T$4:$AF$4) -> 53763.214 | AY24: =$AG24*AY$4/SUM($T$4:$AF$4) -> 53763.214 | AZ24: =$AG24*AZ$4/SUM($T$4:$AF$4) -> 53763.214 | BA24: =$AG24*BA$4/SUM($T$4:$AF$4) -> 53763.214 | BB24: =$AG24*BB$4/SUM($T$4:$AF$4) -> 53763.214 | BC24: =$AG24*BC$4/SUM($T$4:$AF$4) -> 53763.214 | ... BH24: =$AG24*BH$4/SUM($T$4:$AF$4) -> 53763.214 | BI24: =SUM(BI25:BI29,BI34:BI35) -> 820495.31 | BJ24: =SUM(BJ25:BJ29,BJ34:BJ35) -> 823212.7 | BK24: =SUM(BK25:BK29,BK34:BK35) -> 823212.7 | BL24: =SUM(BL25:BL29,BL34:BL35) -> 823212.7 | BM24: =SUM(BM25:BM29,BM34:BM35) -> 823212.7 | BO24: ='[64]Capacity target details'!L24 -> Sim 343K (New mix)
D25: Hoplite (FBG) 980 | F25: =$S25*F$4/SUM($F$4:$R$4) -> 12623.865 | G25: =$S25*G$4/SUM($F$4:$R$4) -> 12623.865 | H25: =$S25*H$4/SUM($F$4:$R$4) -> 12623.865 | I25: =$S25*I$4/SUM($F$4:$R$4) -> 12623.865 | J25: =$S25*J$4/SUM($F$4:$R$4) -> 12623.865 | K25: =$S25*K$4/SUM($F$4:$R$4) -> 12623.865 | L25: =$S25*L$4/SUM($F$4:$R$4) -> 12623.865 | M25: =$S25*M$4/SUM($F$4:$R$4) -> 12623.865 | ... R25: =$S25*R$4/SUM($F$4:$R$4) -> 12623.865 | S25: 164110.25 | T25: =$AG25*T$4/SUM($T$4:$AF$4) -> 20608.168 | U25: =$AG25*U$4/SUM($T$4:$AF$4) -> 20608.168 | V25: =$AG25*V$4/SUM($T$4:$AF$4) -> 20608.168 | W25: =$AG25*W$4/SUM($T$4:$AF$4) -> 20608.168 | X25: =$AG25*X$4/SUM($T$4:$AF$4) -> 20608.168 | Y25: =$AG25*Y$4/SUM($T$4:$AF$4) -> 20608.168 | Z25: =$AG25*Z$4/SUM($T$4:$AF$4) -> 20608.168 | AA25: =$AG25*AA$4/SUM($T$4:$AF$4) -> 20608.168 | ... AF25: =$AG25*AF$4/SUM($T$4:$AF$4) -> 20608.168 | AG25: =AG27/0.97 -> 267906.19 | AH25: =$AU25*AH$4/SUM($AH$4:$AT$4) -> 21139.122 | AI25: =$AU25*AI$4/SUM($AH$4:$AT$4) -> 21139.122 | AJ25: =$AU25*AJ$4/SUM($AH$4:$AT$4) -> 21139.122 | AK25: =$AU25*AK$4/SUM($AH$4:$AT$4) -> 21139.122 | AL25: =$AU25*AL$4/SUM($AH$4:$AT$4) -> 21139.122 | AM25: =$AU25*AM$4/SUM($AH$4:$AT$4) -> 21139.122 | AN25: =$AU25*AN$4/SUM($AH$4:$AT$4) -> 21139.122 | AO25: =$AU25*AO$4/SUM($AH$4:$AT$4) -> 21139.122 | ... AT25: =$AU25*AT$4/SUM($AH$4:$AT$4) -> 21139.122 | AU25: 274808.59 | AV25: =$AU25*AV$4/SUM($AH$4:$AT$4) -> 21139.122 | AW25: =$AU25*AW$4/SUM($AH$4:$AT$4) -> 21139.122 | AX25: =$AU25*AX$4/SUM($AH$4:$AT$4) -> 21139.122 | AY25: =$AU25*AY$4/SUM($AH$4:$AT$4) -> 21139.122 | AZ25: =$AU25*AZ$4/SUM($AH$4:$AT$4) -> 21139.122 | BA25: =$AU25*BA$4/SUM($AH$4:$AT$4) -> 21139.122 | BB25: =$AU25*BB$4/SUM($AH$4:$AT$4) -> 21139.122 | BC25: =$AU25*BC$4/SUM($AH$4:$AT$4) -> 21139.122 | ... BH25: =$AU25*BH$4/SUM($AH$4:$AT$4) -> 21139.122 | BI25: ='[64]Capacity target details'!J25 -> 274808.59 | BJ25: =BI25 -> 274808.59 | BK25: =BJ25 -> 274808.59 | BL25: =BK25 -> 274808.59 | BM25: =BL25 -> 274808.59 | BO25: ='[64]Capacity target details'!L25 -> 355112.37
D26: Hoplite (FBG) 14xx | F26: =$S26*F$4/SUM($F$4:$R$4) -> 4520.8462 | G26: =$S26*G$4/SUM($F$4:$R$4) -> 4520.8462 | H26: =$S26*H$4/SUM($F$4:$R$4) -> 4520.8462 | I26: =$S26*I$4/SUM($F$4:$R$4) -> 4520.8462 | J26: =$S26*J$4/SUM($F$4:$R$4) -> 4520.8462 | K26: =$S26*K$4/SUM($F$4:$R$4) -> 4520.8462 | L26: =$S26*L$4/SUM($F$4:$R$4) -> 4520.8462 | M26: =$S26*M$4/SUM($F$4:$R$4) -> 4520.8462 | ... R26: =$S26*R$4/SUM($F$4:$R$4) -> 4520.8462 | S26: =S12 -> 58771 | T26: =$AG26*T$4/SUM($T$4:$AF$4) -> 5608.3077 | U26: =$AG26*U$4/SUM($T$4:$AF$4) -> 5608.3077 | V26: =$AG26*V$4/SUM($T$4:$AF$4) -> 5608.3077 | W26: =$AG26*W$4/SUM($T$4:$AF$4) -> 5608.3077 | X26: =$AG26*X$4/SUM($T$4:$AF$4) -> 5608.3077 | Y26: =$AG26*Y$4/SUM($T$4:$AF$4) -> 5608.3077 | Z26: =$AG26*Z$4/SUM($T$4:$AF$4) -> 5608.3077 | AA26: =$AG26*AA$4/SUM($T$4:$AF$4) -> 5608.3077 | ... AF26: =$AG26*AF$4/SUM($T$4:$AF$4) -> 5608.3077 | AG26: 72908 | AH26: =$AU26*AH$4/SUM($AH$4:$AT$4) -> 5880.6965 | AI26: =$AU26*AI$4/SUM($AH$4:$AT$4) -> 5880.6965 | AJ26: =$AU26*AJ$4/SUM($AH$4:$AT$4) -> 5880.6965 | AK26: =$AU26*AK$4/SUM($AH$4:$AT$4) -> 5880.6965 | AL26: =$AU26*AL$4/SUM($AH$4:$AT$4) -> 5880.6965 | AM26: =$AU26*AM$4/SUM($AH$4:$AT$4) -> 5880.6965 | AN26: =$AU26*AN$4/SUM($AH$4:$AT$4) -> 5880.6965 | AO26: =$AU26*AO$4/SUM($AH$4:$AT$4) -> 5880.6965 | ... AT26: =$AU26*AT$4/SUM($AH$4:$AT$4) -> 5880.6965 | AU26: 76449.055 | AV26: =$AU26*AV$4/SUM($AH$4:$AT$4) -> 5880.6965 | AW26: =$AU26*AW$4/SUM($AH$4:$AT$4) -> 5880.6965 | AX26: =$AU26*AX$4/SUM($AH$4:$AT$4) -> 5880.6965 | AY26: =$AU26*AY$4/SUM($AH$4:$AT$4) -> 5880.6965 | AZ26: =$AU26*AZ$4/SUM($AH$4:$AT$4) -> 5880.6965 | BA26: =$AU26*BA$4/SUM($AH$4:$AT$4) -> 5880.6965 | BB26: =$AU26*BB$4/SUM($AH$4:$AT$4) -> 5880.6965 | BC26: =$AU26*BC$4/SUM($AH$4:$AT$4) -> 5880.6965 | ... BH26: =$AU26*BH$4/SUM($AH$4:$AT$4) -> 5880.6965 | BI26: ='[64]Capacity target details'!J26 -> 76449.055 | BJ26: =BI26 -> 76449.055 | BK26: =BJ26 -> 76449.055 | BL26: =BK26 -> 76449.055 | BM26: =BL26 -> 76449.055 | BO26: ='[64]Capacity target details'!L26 -> 88889
D27: Hoplens (FTA) 980 | F27: =$S27*F$4/SUM($F$4:$R$4) -> 12244 | G27: =$S27*G$4/SUM($F$4:$R$4) -> 12244 | H27: =$S27*H$4/SUM($F$4:$R$4) -> 12244 | I27: =$S27*I$4/SUM($F$4:$R$4) -> 12244 | J27: =$S27*J$4/SUM($F$4:$R$4) -> 12244 | K27: =$S27*K$4/SUM($F$4:$R$4) -> 12244 | L27: =$S27*L$4/SUM($F$4:$R$4) -> 12244 | M27: =$S27*M$4/SUM($F$4:$R$4) -> 12244 | ... R27: =$S27*R$4/SUM($F$4:$R$4) -> 12244 | S27: 159172 | T27: =$AG27*T$4/SUM($T$4:$AF$4) -> 19989.923 | U27: =$AG27*U$4/SUM($T$4:$AF$4) -> 19989.923 | V27: =$AG27*V$4/SUM($T$4:$AF$4) -> 19989.923 | W27: =$AG27*W$4/SUM($T$4:$AF$4) -> 19989.923 | X27: =$AG27*X$4/SUM($T$4:$AF$4) -> 19989.923 | Y27: =$AG27*Y$4/SUM($T$4:$AF$4) -> 19989.923 | Z27: =$AG27*Z$4/SUM($T$4:$AF$4) -> 19989.923 | AA27: =$AG27*AA$4/SUM($T$4:$AF$4) -> 19989.923 | ... AF27: =$AG27*AF$4/SUM($T$4:$AF$4) -> 19989.923 | AG27: 259869 | AH27: =$AU27*AH$4/SUM($AH$4:$AT$4) -> 20504.948 | AI27: =$AU27*AI$4/SUM($AH$4:$AT$4) -> 20504.948 | AJ27: =$AU27*AJ$4/SUM($AH$4:$AT$4) -> 20504.948 | AK27: =$AU27*AK$4/SUM($AH$4:$AT$4) -> 20504.948 | AL27: =$AU27*AL$4/SUM($AH$4:$AT$4) -> 20504.948 | AM27: =$AU27*AM$4/SUM($AH$4:$AT$4) -> 20504.948 | AN27: =$AU27*AN$4/SUM($AH$4:$AT$4) -> 20504.948 | AO27: =$AU27*AO$4/SUM($AH$4:$AT$4) -> 20504.948 | ... AT27: =$AU27*AT$4/SUM($AH$4:$AT$4) -> 20504.948 | AU27: 266564.33 | AV27: =$AU27*AV$4/SUM($AH$4:$AT$4) -> 20504.948 | AW27: =$AU27*AW$4/SUM($AH$4:$AT$4) -> 20504.948 | AX27: =$AU27*AX$4/SUM($AH$4:$AT$4) -> 20504.948 | AY27: =$AU27*AY$4/SUM($AH$4:$AT$4) -> 20504.948 | AZ27: =$AU27*AZ$4/SUM($AH$4:$AT$4) -> 20504.948 | BA27: =$AU27*BA$4/SUM($AH$4:$AT$4) -> 20504.948 | BB27: =$AU27*BB$4/SUM($AH$4:$AT$4) -> 20504.948 | BC27: =$AU27*BC$4/SUM($AH$4:$AT$4) -> 20504.948 | ... BH27: =$AU27*BH$4/SUM($AH$4:$AT$4) -> 20504.948 | BI27: ='[64]Capacity target details'!J27 -> 266564.33 | BJ27: =BI27 -> 266564.33 | BK27: =BJ27 -> 266564.33 | BL27: =BK27 -> 266564.33 | BM27: =BL27 -> 266564.33 | BO27: ='[64]Capacity target details'!L27 -> 344459
D28: Hoplens (FLA) 14xx | F28: =$S28*F$4/SUM($F$4:$R$4) -> 4861.9231 | G28: =$S28*G$4/SUM($F$4:$R$4) -> 4861.9231 | H28: =$S28*H$4/SUM($F$4:$R$4) -> 4861.9231 | I28: =$S28*I$4/SUM($F$4:$R$4) -> 4861.9231 | J28: =$S28*J$4/SUM($F$4:$R$4) -> 4861.9231 | K28: =$S28*K$4/SUM($F$4:$R$4) -> 4861.9231 | L28: =$S28*L$4/SUM($F$4:$R$4) -> 4861.9231 | M28: =$S28*M$4/SUM($F$4:$R$4) -> 4861.9231 | ... R28: =$S28*R$4/SUM($F$4:$R$4) -> 4861.9231 | S28: =S14 -> 63205 | T28: =$AG28*T$4/SUM($T$4:$AF$4) -> 4987.0769 | U28: =$AG28*U$4/SUM($T$4:$AF$4) -> 4987.0769 | V28: =$AG28*V$4/SUM($T$4:$AF$4) -> 4987.0769 | W28: =$AG28*W$4/SUM($T$4:$AF$4) -> 4987.0769 | X28: =$AG28*X$4/SUM($T$4:$AF$4) -> 4987.0769 | Y28: =$AG28*Y$4/SUM($T$4:$AF$4) -> 4987.0769 | Z28: =$AG28*Z$4/SUM($T$4:$AF$4) -> 4987.0769 | AA28: =$AG28*AA$4/SUM($T$4:$AF$4) -> 4987.0769 | ... AF28: =$AG28*AF$4/SUM($T$4:$AF$4) -> 4987.0769 | AG28: 64832 | AH28: =$AU28*AH$4/SUM($AH$4:$AT$4) -> 5527.8547 | AI28: =$AU28*AI$4/SUM($AH$4:$AT$4) -> 5527.8547 | AJ28: =$AU28*AJ$4/SUM($AH$4:$AT$4) -> 5527.8547 | AK28: =$AU28*AK$4/SUM($AH$4:$AT$4) -> 5527.8547 | AL28: =$AU28*AL$4/SUM($AH$4:$AT$4) -> 5527.8547 | AM28: =$AU28*AM$4/SUM($AH$4:$AT$4) -> 5527.8547 | AN28: =$AU28*AN$4/SUM($AH$4:$AT$4) -> 5527.8547 | AO28: =$AU28*AO$4/SUM($AH$4:$AT$4) -> 5527.8547 | ... AT28: =$AU28*AT$4/SUM($AH$4:$AT$4) -> 5527.8547 | AU28: 71862.111 | AV28: =$AU28*AV$4/SUM($AH$4:$AT$4) -> 5527.8547 | AW28: =$AU28*AW$4/SUM($AH$4:$AT$4) -> 5527.8547 | AX28: =$AU28*AX$4/SUM($AH$4:$AT$4) -> 5527.8547 | AY28: =$AU28*AY$4/SUM($AH$4:$AT$4) -> 5527.8547 | AZ28: =$AU28*AZ$4/SUM($AH$4:$AT$4) -> 5527.8547 | BA28: =$AU28*BA$4/SUM($AH$4:$AT$4) -> 5527.8547 | BB28: =$AU28*BB$4/SUM($AH$4:$AT$4) -> 5527.8547 | BC28: =$AU28*BC$4/SUM($AH$4:$AT$4) -> 5527.8547 | ... BH28: =$AU28*BH$4/SUM($AH$4:$AT$4) -> 5527.8547 | BI28: ='[64]Capacity target details'!J28 -> 71862.111 | BJ28: =BI28 -> 71862.111 | BK28: =BJ28 -> 71862.111 | BL28: =BK28 -> 71862.111 | BM28: =BL28 -> 71862.111 | BO28: ='[64]Capacity target details'!L28 -> 91534
D29: Hoplens (FTA) H1x | F29: =$S29*F$4/SUM($F$4:$R$4) -> 1056 | G29: =$S29*G$4/SUM($F$4:$R$4) -> 1056 | H29: =$S29*H$4/SUM($F$4:$R$4) -> 1056 | I29: =$S29*I$4/SUM($F$4:$R$4) -> 1056 | J29: =$S29*J$4/SUM($F$4:$R$4) -> 1056 | K29: =$S29*K$4/SUM($F$4:$R$4) -> 1056 | L29: =$S29*L$4/SUM($F$4:$R$4) -> 1056 | M29: =$S29*M$4/SUM($F$4:$R$4) -> 1056 | ... R29: =$S29*R$4/SUM($F$4:$R$4) -> 1056 | S29: 13728 | T29: =$AG29*T$4/SUM($T$4:$AF$4) -> 2192.9231 | U29: =$AG29*U$4/SUM($T$4:$AF$4) -> 2192.9231 | V29: =$AG29*V$4/SUM($T$4:$AF$4) -> 2192.9231 | W29: =$AG29*W$4/SUM($T$4:$AF$4) -> 2192.9231 | X29: =$AG29*X$4/SUM($T$4:$AF$4) -> 2192.9231 | Y29: =$AG29*Y$4/SUM($T$4:$AF$4) -> 2192.9231 | Z29: =$AG29*Z$4/SUM($T$4:$AF$4) -> 2192.9231 | AA29: =$AG29*AA$4/SUM($T$4:$AF$4) -> 2192.9231 | ... AF29: =$AG29*AF$4/SUM($T$4:$AF$4) -> 2192.9231 | AG29: 28508 | AH29: =$AU29*AH$4/SUM($AH$4:$AT$4) -> 1349.5277 | AI29: =$AU29*AI$4/SUM($AH$4:$AT$4) -> 1349.5277 | AJ29: =$AU29*AJ$4/SUM($AH$4:$AT$4) -> 1349.5277 | AK29: =$AU29*AK$4/SUM($AH$4:$AT$4) -> 1349.5277 | AL29: =$AU29*AL$4/SUM($AH$4:$AT$4) -> 1349.5277 | AM29: =$AU29*AM$4/SUM($AH$4:$AT$4) -> 1349.5277 | AN29: =$AU29*AN$4/SUM($AH$4:$AT$4) -> 1349.5277 | AO29: =$AU29*AO$4/SUM($AH$4:$AT$4) -> 1349.5277 | ... AT29: =$AU29*AT$4/SUM($AH$4:$AT$4) -> 1349.5277 | AU29: 17543.86 | AV29: =$AU29*AV$4/SUM($AH$4:$AT$4) -> 1349.5277 | AW29: =$AU29*AW$4/SUM($AH$4:$AT$4) -> 1349.5277 | AX29: =$AU29*AX$4/SUM($AH$4:$AT$4) -> 1349.5277 | AY29: =$AU29*AY$4/SUM($AH$4:$AT$4) -> 1349.5277 | AZ29: =$AU29*AZ$4/SUM($AH$4:$AT$4) -> 1349.5277 | BA29: =$AU29*BA$4/SUM($AH$4:$AT$4) -> 1349.5277 | BB29: =$AU29*BB$4/SUM($AH$4:$AT$4) -> 1349.5277 | BC29: =$AU29*BC$4/SUM($AH$4:$AT$4) -> 1349.5277 | ... BH29: =$AU29*BH$4/SUM($AH$4:$AT$4) -> 1349.5277 | BI29: ='[64]Capacity target details'!J29 -> 127192.12 | BJ29: =BI29 -> 127192.12 | BK29: =BJ29 -> 127192.12 | BL29: =BK29 -> 127192.12 | BM29: =BL29 -> 127192.12 | BO29: ='[64]Capacity target details'!L29 -> 25707
D30: (FBG/FLA) 14xx Turn-Key
D31: Hoplite | F31: =SUM(F25:F26) -> 17144.712 | G31: =SUM(G25:G26) -> 17144.712 | H31: =SUM(H25:H26) -> 17144.712 | I31: =SUM(I25:I26) -> 17144.712 | J31: =SUM(J25:J26) -> 17144.712 | K31: =SUM(K25:K26) -> 17144.712 | L31: =SUM(L25:L26) -> 17144.712 | M31: =SUM(M25:M26) -> 17144.712 | ... BM31: =SUM(BM25:BM26) -> 351257.64 | BO31: =SUM(BO25:BO26) -> 444001.37
D32: Hoplens | F32: =SUM(F27:F29) -> 18161.923 | G32: =SUM(G27:G29) -> 18161.923 | H32: =SUM(H27:H29) -> 18161.923 | I32: =SUM(I27:I29) -> 18161.923 | J32: =SUM(J27:J29) -> 18161.923 | K32: =SUM(K27:K29) -> 18161.923 | L32: =SUM(L27:L29) -> 18161.923 | M32: =SUM(M27:M29) -> 18161.923 | ... BM32: =SUM(BM27:BM29) -> 465618.56 | BO32: =SUM(BO27:BO29) -> 461700
D33: Total HLHL | F33: =SUM(F28:F31) -> 23062.635 | G33: =SUM(G28:G31) -> 23062.635 | H33: =SUM(H28:H31) -> 23062.635 | I33: =SUM(I28:I31) -> 23062.635 | J33: =SUM(J28:J31) -> 23062.635 | K33: =SUM(K28:K31) -> 23062.635 | L33: =SUM(L28:L31) -> 23062.635 | M33: =SUM(M28:M31) -> 23062.635 | ... R33: =SUM(R28:R31) -> 23062.635 | S33: =SUM(S26:S29) -> 294876 | T33: =SUM(T28:T31) -> 33396.476 | U33: =SUM(U28:U31) -> 33396.476 | V33: =SUM(V28:V31) -> 33396.476 | W33: =SUM(W28:W31) -> 33396.476 | X33: =SUM(X28:X31) -> 33396.476 | Y33: =SUM(Y28:Y31) -> 33396.476 | Z33: =SUM(Z28:Z31) -> 33396.476 | AA33: =SUM(AA28:AA31) -> 33396.476 | ... AF33: =SUM(AF28:AF31) -> 33396.476 | AG33: =SUM(AG26:AG29) -> 426117 | AH33: =SUM(AH28:AH31) -> 33897.201 | AI33: =SUM(AI28:AI31) -> 33897.201 | AJ33: =SUM(AJ28:AJ31) -> 33897.201 | AK33: =SUM(AK28:AK31) -> 33897.201 | AL33: =SUM(AL28:AL31) -> 33897.201 | AM33: =SUM(AM28:AM31) -> 33897.201 | AN33: =SUM(AN28:AN31) -> 33897.201 | AO33: =SUM(AO28:AO31) -> 33897.201 | ... AT33: =SUM(AT28:AT31) -> 33897.201 | AU33: =SUM(AU26:AU29) -> 432419.35 | AV33: =SUM(AV28:AV31) -> 33897.201 | AW33: =SUM(AW28:AW31) -> 33897.201 | AX33: =SUM(AX28:AX31) -> 33897.201 | AY33: =SUM(AY28:AY31) -> 33897.201 | AZ33: =SUM(AZ28:AZ31) -> 33897.201 | BA33: =SUM(BA28:BA31) -> 33897.201 | BB33: =SUM(BB28:BB31) -> 33897.201 | BC33: =SUM(BC28:BC31) -> 33897.201 | ... BH33: =SUM(BH28:BH31) -> 33897.201 | BI33: =SUM(BI26:BI29) -> 542067.62 | BJ33: =SUM(BJ26:BJ29) -> 542067.62 | BK33: =SUM(BK26:BK29) -> 542067.62 | BL33: =SUM(BL26:BL29) -> 542067.62 | BM33: =SUM(BM26:BM29) -> 542067.62 | BO33: ='[64]Capacity target details'!L31 -> 550589
D34: Hoplite (FBG) HRS | F34: =$S34*F$4/SUM($F$4:$R$4) -> 173.83029 | G34: =$S34*G$4/SUM($F$4:$R$4) -> 173.83029 | H34: =$S34*H$4/SUM($F$4:$R$4) -> 173.83029 | I34: =$S34*I$4/SUM($F$4:$R$4) -> 173.83029 | J34: =$S34*J$4/SUM($F$4:$R$4) -> 173.83029 | K34: =$S34*K$4/SUM($F$4:$R$4) -> 173.83029 | L34: =$S34*L$4/SUM($F$4:$R$4) -> 173.83029 | M34: =$S34*M$4/SUM($F$4:$R$4) -> 173.83029 | ... R34: =$S34*R$4/SUM($F$4:$R$4) -> 173.83029 | S34: =S20 -> 2259.7938 | T34: =$AG34*T$4/SUM($T$4:$AF$4) -> 191.27676 | U34: =$AG34*U$4/SUM($T$4:$AF$4) -> 191.27676 | V34: =$AG34*V$4/SUM($T$4:$AF$4) -> 191.27676 | W34: =$AG34*W$4/SUM($T$4:$AF$4) -> 191.27676 | X34: =$AG34*X$4/SUM($T$4:$AF$4) -> 191.27676 | Y34: =$AG34*Y$4/SUM($T$4:$AF$4) -> 191.27676 | Z34: =$AG34*Z$4/SUM($T$4:$AF$4) -> 191.27676 | AA34: =$AG34*AA$4/SUM($T$4:$AF$4) -> 191.27676 | ... AF34: =$AG34*AF$4/SUM($T$4:$AF$4) -> 191.27676 | AG34: =AG20 -> 2486.5979 | AH34: =$AU34*AH$4/SUM($AH$4:$AT$4) -> 112.29183 | AI34: =$AU34*AI$4/SUM($AH$4:$AT$4) -> 112.29183 | AJ34: =$AU34*AJ$4/SUM($AH$4:$AT$4) -> 112.29183 | AK34: =$AU34*AK$4/SUM($AH$4:$AT$4) -> 112.29183 | AL34: =$AU34*AL$4/SUM($AH$4:$AT$4) -> 112.29183 | AM34: =$AU34*AM$4/SUM($AH$4:$AT$4) -> 112.29183 | AN34: =$AU34*AN$4/SUM($AH$4:$AT$4) -> 112.29183 | AO34: =$AU34*AO$4/SUM($AH$4:$AT$4) -> 112.29183 | ... AT34: =$AU34*AT$4/SUM($AH$4:$AT$4) -> 112.29183 | AU34: =AU20 -> 1459.7938 | AV34: =$AU34*AV$4/SUM($AH$4:$AT$4) -> 112.29183 | AW34: =$AU34*AW$4/SUM($AH$4:$AT$4) -> 112.29183 | AX34: =$AU34*AX$4/SUM($AH$4:$AT$4) -> 112.29183 | AY34: =$AU34*AY$4/SUM($AH$4:$AT$4) -> 112.29183 | AZ34: =$AU34*AZ$4/SUM($AH$4:$AT$4) -> 112.29183 | BA34: =$AU34*BA$4/SUM($AH$4:$AT$4) -> 112.29183 | BB34: =$AU34*BB$4/SUM($AH$4:$AT$4) -> 112.29183 | BC34: =$AU34*BC$4/SUM($AH$4:$AT$4) -> 112.29183 | ... BH34: =$AU34*BH$4/SUM($AH$4:$AT$4) -> 112.29183 | BI34: =BI20 -> 1837.1134 | BJ34: =BJ20 -> 3216.4948 | BK34: =BK20 -> 3216.4948 | BL34: =BL20 -> 3216.4948 | BM34: =BM20 -> 3216.4948
D35: Hoplens (FTA) HRS | F35: =$S35*F$4/SUM($F$4:$R$4) -> 168.61538 | G35: =$S35*G$4/SUM($F$4:$R$4) -> 168.61538 | H35: =$S35*H$4/SUM($F$4:$R$4) -> 168.61538 | I35: =$S35*I$4/SUM($F$4:$R$4) -> 168.61538 | J35: =$S35*J$4/SUM($F$4:$R$4) -> 168.61538 | K35: =$S35*K$4/SUM($F$4:$R$4) -> 168.61538 | L35: =$S35*L$4/SUM($F$4:$R$4) -> 168.61538 | M35: =$S35*M$4/SUM($F$4:$R$4) -> 168.61538 | ... R35: =$S35*R$4/SUM($F$4:$R$4) -> 168.61538 | S35: =S21 -> 2192 | T35: =$AG35*T$4/SUM($T$4:$AF$4) -> 185.53846 | U35: =$AG35*U$4/SUM($T$4:$AF$4) -> 185.53846 | V35: =$AG35*V$4/SUM($T$4:$AF$4) -> 185.53846 | W35: =$AG35*W$4/SUM($T$4:$AF$4) -> 185.53846 | X35: =$AG35*X$4/SUM($T$4:$AF$4) -> 185.53846 | Y35: =$AG35*Y$4/SUM($T$4:$AF$4) -> 185.53846 | Z35: =$AG35*Z$4/SUM($T$4:$AF$4) -> 185.53846 | AA35: =$AG35*AA$4/SUM($T$4:$AF$4) -> 185.53846 | ... AF35: =$AG35*AF$4/SUM($T$4:$AF$4) -> 185.53846 | AG35: =AG21 -> 2412 | AH35: =$AU35*AH$4/SUM($AH$4:$AT$4) -> 108.92308 | AI35: =$AU35*AI$4/SUM($AH$4:$AT$4) -> 108.92308 | AJ35: =$AU35*AJ$4/SUM($AH$4:$AT$4) -> 108.92308 | AK35: =$AU35*AK$4/SUM($AH$4:$AT$4) -> 108.92308 | AL35: =$AU35*AL$4/SUM($AH$4:$AT$4) -> 108.92308 | AM35: =$AU35*AM$4/SUM($AH$4:$AT$4) -> 108.92308 | AN35: =$AU35*AN$4/SUM($AH$4:$AT$4) -> 108.92308 | AO35: =$AU35*AO$4/SUM($AH$4:$AT$4) -> 108.92308 | ... AT35: =$AU35*AT$4/SUM($AH$4:$AT$4) -> 108.92308 | AU35: =AU21 -> 1416 | AV35: =$AU35*AV$4/SUM($AH$4:$AT$4) -> 108.92308 | AW35: =$AU35*AW$4/SUM($AH$4:$AT$4) -> 108.92308 | AX35: =$AU35*AX$4/SUM($AH$4:$AT$4) -> 108.92308 | AY35: =$AU35*AY$4/SUM($AH$4:$AT$4) -> 108.92308 | AZ35: =$AU35*AZ$4/SUM($AH$4:$AT$4) -> 108.92308 | BA35: =$AU35*BA$4/SUM($AH$4:$AT$4) -> 108.92308 | BB35: =$AU35*BB$4/SUM($AH$4:$AT$4) -> 108.92308 | BC35: =$AU35*BC$4/SUM($AH$4:$AT$4) -> 108.92308 | ... BH35: =$AU35*BH$4/SUM($AH$4:$AT$4) -> 108.92308 | BI35: =BI21 -> 1782 | BJ35: =BJ21 -> 3120 | BK35: =BK21 -> 3120 | BL35: =BL21 -> 3120 | BM35: =BM21 -> 3120
D36: HRS | S36: =SUM(S34:S35) -> 4451.7938 | AG36: =SUM(AG34:AG35) -> 4898.5979 | AU36: =SUM(AU34:AU35) -> 2875.7938 | BI36: =SUM(BI34:BI35) -> 3619.1134 | BJ36: =SUM(BJ34:BJ35) -> 6336.4948 | BK36: =SUM(BK34:BK35) -> 6336.4948 | BL36: =SUM(BL34:BL35) -> 6336.4948 | BM36: =SUM(BM34:BM35) -> 6336.4948 | BN36: =MIN(BN34:BN35) -> 0
D38: Capacity summary
D39: Total Capacity | F39: =SUM(F40:F44,F49:F50) -> 30645.931 | G39: =SUM(G40:G44,G49:G50) -> 31498.985 | H39: =SUM(H40:H44,H49:H50) -> 33028.259 | I39: =SUM(I40:I44,I49:I50) -> 34557.533 | J39: =SUM(J40:J44,J49:J50) -> 35056.271 | K39: =SUM(K40:K44,K49:K50) -> 35056.271 | L39: =SUM(L40:L44,L49:L50) -> 35056.271 | M39: =SUM(M40:M44,M49:M50) -> 35056.271 | ... BM39: =SUM(BM40:BM44,BM49:BM50) -> 829851.99
D40: Hoplite (FBG) 980 | F40: =_xlfn.MINIFS(F$54:F$73,$D$54:$D$73,$D40) -> 13680.373 | G40: =_xlfn.MINIFS(G$54:G$73,$D$54:$D$73,$D40) -> 13720.636 | H40: =_xlfn.MINIFS(H$54:H$73,$D$54:$D$73,$D40) -> 13720.636 | I40: =_xlfn.MINIFS(I$54:I$73,$D$54:$D$73,$D40) -> 13720.636 | J40: =_xlfn.MINIFS(J$54:J$73,$D$54:$D$73,$D40) -> 13720.636 | K40: =_xlfn.MINIFS(K$54:K$73,$D$54:$D$73,$D40) -> 13720.636 | L40: =_xlfn.MINIFS(L$54:L$73,$D$54:$D$73,$D40) -> 13720.636 | M40: =_xlfn.MINIFS(M$54:M$73,$D$54:$D$73,$D40) -> 13720.636 | ... R40: =_xlfn.MINIFS(R$54:R$73,$D$54:$D$73,$D40) -> 19431.183 | S40: =MIN(_xlfn.MINIFS(S$59:S$73,$D$59:$D$73,$D40),(S$53*S25/SUM(S$25:S$29))) -> 203488.51 | T40: =MIN(_xlfn.MINIFS(T$59:T$73,$D$59:$D$73,$D40),(T$53*T25/SUM(T$25:T$29))) -> 21260.909 | U40: =MIN(_xlfn.MINIFS(U$59:U$73,$D$59:$D$73,$D40),(U$53*U25/SUM(U$25:U$29))) -> 21260.909 | V40: =MIN(_xlfn.MINIFS(V$59:V$73,$D$59:$D$73,$D40),(V$53*V25/SUM(V$25:V$29))) -> 21260.909 | W40: =MIN(_xlfn.MINIFS(W$59:W$73,$D$59:$D$73,$D40),(W$53*W25/SUM(W$25:W$29))) -> 21260.909 | X40: =MIN(_xlfn.MINIFS(X$59:X$73,$D$59:$D$73,$D40),(X$53*X25/SUM(X$25:X$29))) -> 21260.909 | Y40: =MIN(_xlfn.MINIFS(Y$59:Y$73,$D$59:$D$73,$D40),(Y$53*Y25/SUM(Y$25:Y$29))) -> 21260.909 | Z40: =MIN(_xlfn.MINIFS(Z$59:Z$73,$D$59:$D$73,$D40),(Z$53*Z25/SUM(Z$25:Z$29))) -> 21260.909 | ... BM40: =MIN(_xlfn.MINIFS(BM$59:BM$73,$D$59:$D$73,$D40),(BM$53*BM25/SUM(BM$25:BM$29))) -> 274970.06
D41: Hoplite (FBG) 14xx | F41: =_xlfn.MINIFS(F$54:F$73,$D$54:$D$73,$D41) -> 4551.7801 | G41: =_xlfn.MINIFS(G$54:G$73,$D$54:$D$73,$D41) -> 4602.0448 | H41: =_xlfn.MINIFS(H$54:H$73,$D$54:$D$73,$D41) -> 4602.0448 | I41: =_xlfn.MINIFS(I$54:I$73,$D$54:$D$73,$D41) -> 4602.0448 | J41: =_xlfn.MINIFS(J$54:J$73,$D$54:$D$73,$D41) -> 4602.0448 | K41: =_xlfn.MINIFS(K$54:K$73,$D$54:$D$73,$D41) -> 4602.0448 | L41: =_xlfn.MINIFS(L$54:L$73,$D$54:$D$73,$D41) -> 4602.0448 | M41: =_xlfn.MINIFS(M$54:M$73,$D$54:$D$73,$D41) -> 4602.0448 | ... R41: =_xlfn.MINIFS(R$54:R$73,$D$54:$D$73,$D41) -> 6958.676 | S41: =MIN(_xlfn.MINIFS(S$59:S$73,$D$59:$D$73,$D41),(S$53*S26/SUM(S$25:S$29))) -> 68110.263 | T41: =MIN(_xlfn.MINIFS(T$59:T$73,$D$59:$D$73,$D41),(T$53*T26/SUM(T$25:T$29))) -> 5785.9445 | U41: =MIN(_xlfn.MINIFS(U$59:U$73,$D$59:$D$73,$D41),(U$53*U26/SUM(U$25:U$29))) -> 5785.9445 | V41: =MIN(_xlfn.MINIFS(V$59:V$73,$D$59:$D$73,$D41),(V$53*V26/SUM(V$25:V$29))) -> 5785.9445 | W41: =MIN(_xlfn.MINIFS(W$59:W$73,$D$59:$D$73,$D41),(W$53*W26/SUM(W$25:W$29))) -> 5785.9445 | X41: =MIN(_xlfn.MINIFS(X$59:X$73,$D$59:$D$73,$D41),(X$53*X26/SUM(X$25:X$29))) -> 5785.9445 | Y41: =MIN(_xlfn.MINIFS(Y$59:Y$73,$D$59:$D$73,$D41),(Y$53*Y26/SUM(Y$25:Y$29))) -> 5785.9445 | Z41: =MIN(_xlfn.MINIFS(Z$59:Z$73,$D$59:$D$73,$D41),(Z$53*Z26/SUM(Z$25:Z$29))) -> 5785.9445 | ... BM41: =MIN(_xlfn.MINIFS(BM$59:BM$73,$D$59:$D$73,$D41),(BM$53*BM26/SUM(BM$25:BM$29))) -> 76493.974
D42: Hoplens (FTA) 980 | F42: =_xlfn.MINIFS(F$54:F$73,$D$54:$D$73,$D42) -> 7646.3705 | G42: =_xlfn.MINIFS(G$54:G$73,$D$54:$D$73,$D42) -> 7646.3705 | H42: =_xlfn.MINIFS(H$54:H$73,$D$54:$D$73,$D42) -> 9175.6446 | I42: =_xlfn.MINIFS(I$54:I$73,$D$54:$D$73,$D42) -> 10704.919 | J42: =_xlfn.MINIFS(J$54:J$73,$D$54:$D$73,$D42) -> 10704.919 | K42: =_xlfn.MINIFS(K$54:K$73,$D$54:$D$73,$D42) -> 10704.919 | L42: =_xlfn.MINIFS(L$54:L$73,$D$54:$D$73,$D42) -> 10704.919 | M42: =_xlfn.MINIFS(M$54:M$73,$D$54:$D$73,$D42) -> 10704.919 | ... R42: =_xlfn.MINIFS(R$54:R$73,$D$54:$D$73,$D42) -> 10704.919 | S42: =MIN(_xlfn.MINIFS(S$59:S$73,$D$59:$D$73,$D42),(S$53*S27/SUM(S$25:S$29))) -> 131517.57 | T42: =MIN(_xlfn.MINIFS(T$59:T$73,$D$59:$D$73,$D42),(T$53*T27/SUM(T$25:T$29))) -> 9456.703 | U42: =MIN(_xlfn.MINIFS(U$59:U$73,$D$59:$D$73,$D42),(U$53*U27/SUM(U$25:U$29))) -> 9456.703 | V42: =MIN(_xlfn.MINIFS(V$59:V$73,$D$59:$D$73,$D42),(V$53*V27/SUM(V$25:V$29))) -> 9456.703 | W42: =MIN(_xlfn.MINIFS(W$59:W$73,$D$59:$D$73,$D42),(W$53*W27/SUM(W$25:W$29))) -> 9456.703 | X42: =MIN(_xlfn.MINIFS(X$59:X$73,$D$59:$D$73,$D42),(X$53*X27/SUM(X$25:X$29))) -> 9456.703 | Y42: =MIN(_xlfn.MINIFS(Y$59:Y$73,$D$59:$D$73,$D42),(Y$53*Y27/SUM(Y$25:Y$29))) -> 9456.703 | Z42: =MIN(_xlfn.MINIFS(Z$59:Z$73,$D$59:$D$73,$D42),(Z$53*Z27/SUM(Z$25:Z$29))) -> 9456.703 | ... BM42: =MIN(_xlfn.MINIFS(BM$59:BM$73,$D$59:$D$73,$D42),(BM$53*BM27/SUM(BM$25:BM$29))) -> 266720.95
D43: Hoplens (FLA) 14xx | F43: =_xlfn.MINIFS(F$54:F$73,$D$54:$D$73,$D43) -> 3157.1829 | G43: =_xlfn.MINIFS(G$54:G$73,$D$54:$D$73,$D43) -> 3919.7088 | H43: =_xlfn.MINIFS(H$54:H$73,$D$54:$D$73,$D43) -> 3919.7088 | I43: =_xlfn.MINIFS(I$54:I$73,$D$54:$D$73,$D43) -> 3919.7088 | J43: =_xlfn.MINIFS(J$54:J$73,$D$54:$D$73,$D43) -> 3919.7088 | K43: =_xlfn.MINIFS(K$54:K$73,$D$54:$D$73,$D43) -> 3919.7088 | L43: =_xlfn.MINIFS(L$54:L$73,$D$54:$D$73,$D43) -> 3919.7088 | M43: =_xlfn.MINIFS(M$54:M$73,$D$54:$D$73,$D43) -> 3919.7088 | ... R43: =_xlfn.MINIFS(R$54:R$73,$D$54:$D$73,$D43) -> 3919.7088 | S43: =MIN(_xlfn.MINIFS(S$59:S$73,$D$59:$D$73,$D43),(S$53*S28/SUM(S$25:S$29))) -> 50243.54 | T43: =MIN(_xlfn.MINIFS(T$59:T$73,$D$59:$D$73,$D43),(T$53*T28/SUM(T$25:T$29))) -> 3919.7088 | U43: =MIN(_xlfn.MINIFS(U$59:U$73,$D$59:$D$73,$D43),(U$53*U28/SUM(U$25:U$29))) -> 3919.7088 | V43: =MIN(_xlfn.MINIFS(V$59:V$73,$D$59:$D$73,$D43),(V$53*V28/SUM(V$25:V$29))) -> 3919.7088 | W43: =MIN(_xlfn.MINIFS(W$59:W$73,$D$59:$D$73,$D43),(W$53*W28/SUM(W$25:W$29))) -> 3919.7088 | X43: =MIN(_xlfn.MINIFS(X$59:X$73,$D$59:$D$73,$D43),(X$53*X28/SUM(X$25:X$29))) -> 3919.7088 | Y43: =MIN(_xlfn.MINIFS(Y$59:Y$73,$D$59:$D$73,$D43),(Y$53*Y28/SUM(Y$25:Y$29))) -> 3919.7088 | Z43: =MIN(_xlfn.MINIFS(Z$59:Z$73,$D$59:$D$73,$D43),(Z$53*Z28/SUM(Z$25:Z$29))) -> 3919.7088 | ... BM43: =MIN(_xlfn.MINIFS(BM$59:BM$73,$D$59:$D$73,$D43),(BM$53*BM28/SUM(BM$25:BM$29))) -> 71904.336
D44: Hoplens (FTA) H1x | F44: =_xlfn.MINIFS(F$54:F$73,$D$54:$D$73,$D44) -> 649.0085 | G44: =_xlfn.MINIFS(G$54:G$73,$D$54:$D$73,$D44) -> 649.0085 | H44: =_xlfn.MINIFS(H$54:H$73,$D$54:$D$73,$D44) -> 649.0085 | I44: =_xlfn.MINIFS(I$54:I$73,$D$54:$D$73,$D44) -> 649.0085 | J44: =_xlfn.MINIFS(J$54:J$73,$D$54:$D$73,$D44) -> 1147.746 | K44: =_xlfn.MINIFS(K$54:K$73,$D$54:$D$73,$D44) -> 1147.746 | L44: =_xlfn.MINIFS(L$54:L$73,$D$54:$D$73,$D44) -> 1147.746 | M44: =_xlfn.MINIFS(M$54:M$73,$D$54:$D$73,$D44) -> 1147.746 | ... R44: =_xlfn.MINIFS(R$54:R$73,$D$54:$D$73,$D44) -> 1298.017 | S44: =MIN(_xlfn.MINIFS(S$59:S$73,$D$59:$D$73,$D44),(S$53*S29/SUM(S$25:S$29))) -> 14278.187 | T44: =MIN(_xlfn.MINIFS(T$59:T$73,$D$59:$D$73,$D44),(T$53*T29/SUM(T$25:T$29))) -> 1298.017 | U44: =MIN(_xlfn.MINIFS(U$59:U$73,$D$59:$D$73,$D44),(U$53*U29/SUM(U$25:U$29))) -> 1298.017 | V44: =MIN(_xlfn.MINIFS(V$59:V$73,$D$59:$D$73,$D44),(V$53*V29/SUM(V$25:V$29))) -> 1298.017 | W44: =MIN(_xlfn.MINIFS(W$59:W$73,$D$59:$D$73,$D44),(W$53*W29/SUM(W$25:W$29))) -> 1298.017 | X44: =MIN(_xlfn.MINIFS(X$59:X$73,$D$59:$D$73,$D44),(X$53*X29/SUM(X$25:X$29))) -> 1298.017 | Y44: =MIN(_xlfn.MINIFS(Y$59:Y$73,$D$59:$D$73,$D44),(Y$53*Y29/SUM(Y$25:Y$29))) -> 1298.017 | Z44: =MIN(_xlfn.MINIFS(Z$59:Z$73,$D$59:$D$73,$D44),(Z$53*Z29/SUM(Z$25:Z$29))) -> 1298.017 | ... BM44: =MIN(_xlfn.MINIFS(BM$59:BM$73,$D$59:$D$73,$D44),(BM$53*BM29/SUM(BM$25:BM$29))) -> 127266.86
D45: (FBG/FLA) 14xx Turn-Key | S45: =MIN(_xlfn.MINIFS(S$59:S$73,$D$59:$D$73,$D45),(S$53*S30/SUM(S$25:S$29))) -> 0 | T45: =MIN(_xlfn.MINIFS(T$59:T$73,$D$59:$D$73,$D45),(T$53*T30/SUM(T$25:T$29))) -> 0 | U45: =MIN(_xlfn.MINIFS(U$59:U$73,$D$59:$D$73,$D45),(U$53*U30/SUM(U$25:U$29))) -> 0 | V45: =MIN(_xlfn.MINIFS(V$59:V$73,$D$59:$D$73,$D45),(V$53*V30/SUM(V$25:V$29))) -> 0 | W45: =MIN(_xlfn.MINIFS(W$59:W$73,$D$59:$D$73,$D45),(W$53*W30/SUM(W$25:W$29))) -> 0 | X45: =MIN(_xlfn.MINIFS(X$59:X$73,$D$59:$D$73,$D45),(X$53*X30/SUM(X$25:X$29))) -> 0 | Y45: =MIN(_xlfn.MINIFS(Y$59:Y$73,$D$59:$D$73,$D45),(Y$53*Y30/SUM(Y$25:Y$29))) -> 0 | Z45: =MIN(_xlfn.MINIFS(Z$59:Z$73,$D$59:$D$73,$D45),(Z$53*Z30/SUM(Z$25:Z$29))) -> 0 | ... BM45: =MIN(_xlfn.MINIFS(BM$59:BM$73,$D$59:$D$73,$D45),(BM$53*BM30/SUM(BM$25:BM$29))) -> 0
C46: =300/0.95/0.095 -> 3324.0997 | D46: Hoplite | F46: =SUM(F40:F41) -> 18232.153 | G46: =SUM(G40:G41) -> 18322.681 | H46: =SUM(H40:H41) -> 18322.681 | I46: =SUM(I40:I41) -> 18322.681 | J46: =SUM(J40:J41) -> 18322.681 | K46: =SUM(K40:K41) -> 18322.681 | L46: =SUM(L40:L41) -> 18322.681 | M46: =SUM(M40:M41) -> 18322.681 | ... BM46: =SUM(BM40:BM41) -> 351464.03
D47: Hoplens | F47: =SUM(F42:F44) -> 11452.562 | G47: =SUM(G42:G44) -> 12215.088 | H47: =SUM(H42:H44) -> 13744.362 | I47: =SUM(I42:I44) -> 15273.636 | J47: =SUM(J42:J44) -> 15772.374 | K47: =SUM(K42:K44) -> 15772.374 | L47: =SUM(L42:L44) -> 15772.374 | M47: =SUM(M42:M44) -> 15772.374 | ... BM47: =SUM(BM42:BM44) -> 465892.15
D48: Total HLHL | F48: =SUM(F41:F44) -> 16004.342 | G48: =SUM(G41:G44) -> 16817.133 | H48: =SUM(H41:H44) -> 18346.407 | I48: =SUM(I41:I44) -> 19875.681 | J48: =SUM(J41:J44) -> 20374.418 | K48: =SUM(K41:K44) -> 20374.418 | L48: =SUM(L41:L44) -> 20374.418 | M48: =SUM(M41:M44) -> 20374.418 | ... BM48: =SUM(BM41:BM44) -> 542386.12
D49: Hoplite (FBG) HRS | F49: =_xlfn.MINIFS(F$53:F$73,$D$53:$D$73,$D49) -> 445.76854 | G49: =_xlfn.MINIFS(G$53:G$73,$D$53:$D$73,$D49) -> 445.76854 | H49: =_xlfn.MINIFS(H$53:H$73,$D$53:$D$73,$D49) -> 445.76854 | I49: =_xlfn.MINIFS(I$53:I$73,$D$53:$D$73,$D49) -> 445.76854 | J49: =_xlfn.MINIFS(J$53:J$73,$D$53:$D$73,$D49) -> 445.76854 | K49: =_xlfn.MINIFS(K$53:K$73,$D$53:$D$73,$D49) -> 445.76854 | L49: =_xlfn.MINIFS(L$53:L$73,$D$53:$D$73,$D49) -> 445.76854 | M49: =_xlfn.MINIFS(M$53:M$73,$D$53:$D$73,$D49) -> 445.76854 | ... BM49: =_xlfn.MINIFS(BM$53:BM$73,$D$53:$D$73,$D49) -> 5794.9911
D50: Hoplens (FTA) HRS | F50: =_xlfn.MINIFS(F$53:F$73,$D$53:$D$73,$D50) -> 515.44809 | G50: =_xlfn.MINIFS(G$53:G$73,$D$53:$D$73,$D50) -> 515.44809 | H50: =_xlfn.MINIFS(H$53:H$73,$D$53:$D$73,$D50) -> 515.44809 | I50: =_xlfn.MINIFS(I$53:I$73,$D$53:$D$73,$D50) -> 515.44809 | J50: =_xlfn.MINIFS(J$53:J$73,$D$53:$D$73,$D50) -> 515.44809 | K50: =_xlfn.MINIFS(K$53:K$73,$D$53:$D$73,$D50) -> 515.44809 | L50: =_xlfn.MINIFS(L$53:L$73,$D$53:$D$73,$D50) -> 515.44809 | M50: =_xlfn.MINIFS(M$53:M$73,$D$53:$D$73,$D50) -> 515.44809 | ... BM50: =_xlfn.MINIFS(BM$53:BM$73,$D$53:$D$73,$D50) -> 6700.8252
D51: HRS | F51: =SUM(F49:F50) -> 961.21663 | G51: =SUM(G49:G50) -> 961.21663 | H51: =SUM(H49:H50) -> 961.21663 | I51: =SUM(I49:I50) -> 961.21663 | J51: =SUM(J49:J50) -> 961.21663 | K51: =SUM(K49:K50) -> 961.21663 | L51: =SUM(L49:L50) -> 961.21663 | M51: =SUM(M49:M50) -> 961.21663 | ... R51: =SUM(R49:R50) -> 961.21663 | S51: =MIN(S49:S50) -> 5794.9911 | T51: =SUM(T49:T50) -> 961.21663 | U51: =SUM(U49:U50) -> 961.21663 | V51: =SUM(V49:V50) -> 961.21663 | W51: =SUM(W49:W50) -> 961.21663 | X51: =SUM(X49:X50) -> 961.21663 | Y51: =SUM(Y49:Y50) -> 961.21663 | Z51: =SUM(Z49:Z50) -> 961.21663 | AA51: =SUM(AA49:AA50) -> 961.21663 | ... AF51: =SUM(AF49:AF50) -> 961.21663 | AG51: =MIN(AG49:AG50) -> 5794.9911 | AH51: =SUM(AH49:AH50) -> 961.21663 | AI51: =SUM(AI49:AI50) -> 961.21663 | AJ51: =SUM(AJ49:AJ50) -> 961.21663 | AK51: =SUM(AK49:AK50) -> 961.21663 | AL51: =SUM(AL49:AL50) -> 961.21663 | AM51: =SUM(AM49:AM50) -> 961.21663 | AN51: =SUM(AN49:AN50) -> 961.21663 | AO51: =SUM(AO49:AO50) -> 961.21663 | ... AT51: =SUM(AT49:AT50) -> 961.21663 | AU51: =MIN(AU49:AU50) -> 5794.9911 | AV51: =SUM(AV49:AV50) -> 961.21663 | AW51: =SUM(AW49:AW50) -> 961.21663 | AX51: =SUM(AX49:AX50) -> 961.21663 | AY51: =SUM(AY49:AY50) -> 961.21663 | AZ51: =SUM(AZ49:AZ50) -> 961.21663 | BA51: =SUM(BA49:BA50) -> 961.21663 | BB51: =SUM(BB49:BB50) -> 961.21663 | BC51: =SUM(BC49:BC50) -> 961.21663 | ... BH51: =SUM(BH49:BH50) -> 961.21663 | BI51: =MIN(BI49:BI50) -> 5794.9911 | BJ51: =MIN(BJ49:BJ50) -> 5794.9911 | BK51: =MIN(BK49:BK50) -> 5794.9911 | BL51: =MIN(BL49:BL50) -> 5794.9911 | BM51: =MIN(BM49:BM50) -> 5794.9911
T52: =124*13*7 -> 11284
D53: Common Equipment (HPL) | F53: =_xlfn.MINIFS(F$76:F$125,$B$76:$B$125,"Common") -> 38261.491 | G53: =_xlfn.MINIFS(G$76:G$125,$B$76:$B$125,"Common") -> 38374.101 | H53: =_xlfn.MINIFS(H$76:H$125,$B$76:$B$125,"Common") -> 38374.101 | I53: =_xlfn.MINIFS(I$76:I$125,$B$76:$B$125,"Common") -> 38374.101 | J53: =_xlfn.MINIFS(J$76:J$125,$B$76:$B$125,"Common") -> 38374.101 | K53: =_xlfn.MINIFS(K$76:K$125,$B$76:$B$125,"Common") -> 38374.101 | L53: =_xlfn.MINIFS(L$76:L$125,$B$76:$B$125,"Common") -> 38374.101 | M53: =_xlfn.MINIFS(M$76:M$125,$B$76:$B$125,"Common") -> 38374.101 | ... BM53: =_xlfn.MINIFS(BM$76:BM$125,$B$76:$B$125,"Common") -> 817356.18
D54: Hoplite (FBG) 980 | F54: =F$53*F25/SUM(F$25:F$29) -> 13680.373 | G54: =G$53*G25/SUM(G$25:G$29) -> 13720.636 | H54: =H$53*H25/SUM(H$25:H$29) -> 13720.636 | I54: =I$53*I25/SUM(I$25:I$29) -> 13720.636 | J54: =J$53*J25/SUM(J$25:J$29) -> 13720.636 | K54: =K$53*K25/SUM(K$25:K$29) -> 13720.636 | L54: =L$53*L25/SUM(L$25:L$29) -> 13720.636 | M54: =M$53*M25/SUM(M$25:M$29) -> 13720.636 | ... BM54: =BM$53*BM25/SUM(BM$25:BM$29) -> 274970.06
D55: Hoplite (FBG) 14xx | F55: =F$53*F26/SUM(F$25:F$29) -> 4899.2014 | G55: =G$53*G26/SUM(G$25:G$29) -> 4913.6205 | H55: =H$53*H26/SUM(H$25:H$29) -> 4913.6205 | I55: =I$53*I26/SUM(I$25:I$29) -> 4913.6205 | J55: =J$53*J26/SUM(J$25:J$29) -> 4913.6205 | K55: =K$53*K26/SUM(K$25:K$29) -> 4913.6205 | L55: =L$53*L26/SUM(L$25:L$29) -> 4913.6205 | M55: =M$53*M26/SUM(M$25:M$29) -> 4913.6205 | ... BM55: =BM$53*BM26/SUM(BM$25:BM$29) -> 76493.974
D56: Hoplens (FTA) 980 | F56: =F$53*F27/SUM(F$25:F$29) -> 13268.716 | G56: =G$53*G27/SUM(G$25:G$29) -> 13307.768 | H56: =H$53*H27/SUM(H$25:H$29) -> 13307.768 | I56: =I$53*I27/SUM(I$25:I$29) -> 13307.768 | J56: =J$53*J27/SUM(J$25:J$29) -> 13307.768 | K56: =K$53*K27/SUM(K$25:K$29) -> 13307.768 | L56: =L$53*L27/SUM(L$25:L$29) -> 13307.768 | M56: =M$53*M27/SUM(M$25:M$29) -> 13307.768 | ... BM56: =BM$53*BM27/SUM(BM$25:BM$29) -> 266720.95
D57: Hoplens (FLA) 14xx | F57: =F$53*F28/SUM(F$25:F$29) -> 5268.8235 | G57: =G$53*G28/SUM(G$25:G$29) -> 5284.3305 | H57: =H$53*H28/SUM(H$25:H$29) -> 5284.3305 | I57: =I$53*I28/SUM(I$25:I$29) -> 5284.3305 | J57: =J$53*J28/SUM(J$25:J$29) -> 5284.3305 | K57: =K$53*K28/SUM(K$25:K$29) -> 5284.3305 | L57: =L$53*L28/SUM(L$25:L$29) -> 5284.3305 | M57: =M$53*M28/SUM(M$25:M$29) -> 5284.3305 | ... BM57: =BM$53*BM28/SUM(BM$25:BM$29) -> 71904.336
D58: Hoplens (FTA) H1x | F58: =F$53*F29/SUM(F$25:F$29) -> 1144.378 | G58: =G$53*G29/SUM(G$25:G$29) -> 1147.746 | H58: =H$53*H29/SUM(H$25:H$29) -> 1147.746 | I58: =I$53*I29/SUM(I$25:I$29) -> 1147.746 | J58: =J$53*J29/SUM(J$25:J$29) -> 1147.746 | K58: =K$53*K29/SUM(K$25:K$29) -> 1147.746 | L58: =L$53*L29/SUM(L$25:L$29) -> 1147.746 | M58: =M$53*M29/SUM(M$25:M$29) -> 1147.746 | ... BM58: =BM$53*BM29/SUM(BM$25:BM$29) -> 127266.86
D59: Hoplite Final Inspection | F59: =F$81 -> 21849.87 | G59: =G$81 -> 22131.019 | H59: =H$81 -> 22131.019 | I59: =I$81 -> 22131.019 | J59: =J$81 -> 22131.019 | K59: =K$81 -> 22131.019 | L59: =L$81 -> 22131.019 | M59: =M$81 -> 22131.019 | ... BM59: =BM$81 -> 851856.14
D60: Hoplite (FBG) 980 | F60: =F$59*F67/SUM(F$67:F$68) -> 16887.904 | G60: =G$59*G67/SUM(G$67:G$68) -> 17062.417 | H60: =H$59*H67/SUM(H$67:H$68) -> 17062.417 | I60: =I$59*I67/SUM(I$67:I$68) -> 17062.417 | J60: =J$59*J67/SUM(J$67:J$68) -> 17507.95 | K60: =K$59*K67/SUM(K$67:K$68) -> 17507.95 | L60: =L$59*L67/SUM(L$67:L$68) -> 17507.95 | M60: =M$59*M67/SUM(M$67:M$68) -> 17881.486 | ... BM60: =BM$59*BM67/SUM(BM$67:BM$68) -> 633033.75
D61: Hoplite (FBG) 14xx | F61: =F$59*F68/SUM(F$67:F$68) -> 4961.9661 | G61: =G$59*G68/SUM(G$67:G$68) -> 5068.6019 | H61: =H$59*H68/SUM(H$67:H$68) -> 5068.6019 | I61: =I$59*I68/SUM(I$67:I$68) -> 5068.6019 | J61: =J$59*J68/SUM(J$67:J$68) -> 4623.0692 | K61: =K$59*K68/SUM(K$67:K$68) -> 4623.0692 | L61: =L$59*L68/SUM(L$67:L$68) -> 4623.0692 | M61: =M$59*M68/SUM(M$67:M$68) -> 4249.5331 | ... BM61: =BM$59*BM68/SUM(BM$67:BM$68) -> 218822.4
D62: Hoplens Final Inspection | F62: =F$82 -> 16828.507 | G62: =G$82 -> 16828.507 | H62: =H$82 -> 16828.507 | I62: =I$82 -> 16828.507 | J62: =J$82 -> 16828.507 | K62: =K$82 -> 16828.507 | L62: =L$82 -> 16828.507 | M62: =M$82 -> 16828.507 | ... BM62: =BM$82 -> 946859.33
D63: Hoplens (FTA) 980 | F63: =F$62*F69/SUM(F$69:F$71) -> 11235.652 | G63: =G$62*G69/SUM(G$69:G$71) -> 10534.268 | H63: =H$62*H69/SUM(H$69:H$71) -> 11234.6 | I63: =I$62*I69/SUM(I$69:I$71) -> 11794.69 | J63: =J$62*J69/SUM(J$69:J$71) -> 11313.937 | K63: =K$62*K69/SUM(K$69:K$71) -> 11313.937 | L63: =L$62*L69/SUM(L$69:L$71) -> 11313.937 | M63: =M$62*M69/SUM(M$69:M$71) -> 11313.937 | ... BM63: =BM$62*BM69/SUM(BM$69:BM$71) -> 503971.32
D64: Hoplens (FLA) 14xx | F64: =F$62*F70/SUM(F$69:F$71) -> 4639.1957 | G64: =G$62*G70/SUM(G$69:G$71) -> 5400.1126 | H64: =H$62*H70/SUM(H$69:H$71) -> 4799.266 | I64: =I$62*I70/SUM(I$69:I$71) -> 4318.7391 | J64: =J$62*J70/SUM(J$69:J$71) -> 4142.7069 | K64: =K$62*K70/SUM(K$69:K$71) -> 4142.7069 | L64: =L$62*L70/SUM(L$69:L$71) -> 4142.7069 | M64: =M$62*M70/SUM(M$69:M$71) -> 4142.7069 | ... BM64: =BM$62*BM70/SUM(BM$69:BM$71) -> 139177.11
D65: Hoplens (FTA) H1x | F65: =F$62*F71/SUM(F$69:F$71) -> 953.6595 | G65: =G$62*G71/SUM(G$69:G$71) -> 894.12738 | H65: =H$62*H71/SUM(H$69:H$71) -> 794.6418 | I65: =I$62*I71/SUM(I$69:I$71) -> 715.07822 | J65: =J$62*J71/SUM(J$69:J$71) -> 1371.8631 | K65: =K$62*K71/SUM(K$69:K$71) -> 1371.8631 | L65: =L$62*L71/SUM(L$69:L$71) -> 1371.8631 | M65: =M$62*M71/SUM(M$69:M$71) -> 1371.8631 | ... BM65: =BM$62*BM71/SUM(BM$69:BM$71) -> 303710.9
D66: Dedicated Equipment | F66: =SUM(F67:F74) -> 32457.406 | G66: =SUM(G67:G74) -> 33270.197 | H66: =SUM(H67:H74) -> 34799.471 | I66: =SUM(I67:I74) -> 36328.745 | J66: =SUM(J67:J74) -> 38914.235 | K66: =SUM(K67:K74) -> 38914.235 | L66: =SUM(L67:L74) -> 38914.235 | M66: =SUM(M67:M74) -> 40850.716 | ... BM66: =SUM(BM67:BM74) -> 889380.7
D67: Hoplite (FBG) 980 | F67: =_xlfn.MINIFS(F$76:F$125,$C$76:$C$125,$D67,F$76:F$125,">0") -> 15491.848 | G67: =_xlfn.MINIFS(G$76:G$125,$C$76:$C$125,$D67,G$76:G$125,">0") -> 15491.848 | H67: =_xlfn.MINIFS(H$76:H$125,$C$76:$C$125,$D67,H$76:H$125,">0") -> 15491.848 | I67: =_xlfn.MINIFS(I$76:I$125,$C$76:$C$125,$D67,I$76:I$125,">0") -> 15491.848 | J67: =_xlfn.MINIFS(J$76:J$125,$C$76:$C$125,$D67,J$76:J$125,">0") -> 17428.329 | K67: =_xlfn.MINIFS(K$76:K$125,$C$76:$C$125,$D67,K$76:K$125,">0") -> 17428.329 | L67: =_xlfn.MINIFS(L$76:L$125,$C$76:$C$125,$D67,L$76:L$125,">0") -> 17428.329 | M67: =_xlfn.MINIFS(M$76:M$125,$C$76:$C$125,$D67,M$76:M$125,">0") -> 19364.81 | ... BM67: =_xlfn.MINIFS(BM$76:BM$125,$C$76:$C$125,$D67,BM$76:BM$125,">0") -> 276916.78
D68: Hoplite (FBG) 14xx | F68: =_xlfn.MINIFS(F$76:F$125,$C$76:$C$125,$D68,F$76:F$125,">0") -> 4551.7801 | G68: =_xlfn.MINIFS(G$76:G$125,$C$76:$C$125,$D68,G$76:G$125,">0") -> 4602.0448 | H68: =_xlfn.MINIFS(H$76:H$125,$C$76:$C$125,$D68,H$76:H$125,">0") -> 4602.0448 | I68: =_xlfn.MINIFS(I$76:I$125,$C$76:$C$125,$D68,I$76:I$125,">0") -> 4602.0448 | J68: =_xlfn.MINIFS(J$76:J$125,$C$76:$C$125,$D68,J$76:J$125,">0") -> 4602.0448 | K68: =_xlfn.MINIFS(K$76:K$125,$C$76:$C$125,$D68,K$76:K$125,">0") -> 4602.0448 | L68: =_xlfn.MINIFS(L$76:L$125,$C$76:$C$125,$D68,L$76:L$125,">0") -> 4602.0448 | M68: =_xlfn.MINIFS(M$76:M$125,$C$76:$C$125,$D68,M$76:M$125,">0") -> 4602.0448 | ... BM68: =_xlfn.MINIFS(BM$76:BM$125,$C$76:$C$125,$D68,BM$76:BM$125,">0") -> 95722.531
D69: Hoplens (FTA) 980 | F69: =_xlfn.MINIFS(F$76:F$125,$C$76:$C$125,$D69,F$76:F$125,">0") -> 7646.3705 | G69: =_xlfn.MINIFS(G$76:G$125,$C$76:$C$125,$D69,G$76:G$125,">0") -> 7646.3705 | H69: =_xlfn.MINIFS(H$76:H$125,$C$76:$C$125,$D69,H$76:H$125,">0") -> 9175.6446 | I69: =_xlfn.MINIFS(I$76:I$125,$C$76:$C$125,$D69,I$76:I$125,">0") -> 10704.919 | J69: =_xlfn.MINIFS(J$76:J$125,$C$76:$C$125,$D69,J$76:J$125,">0") -> 10704.919 | K69: =_xlfn.MINIFS(K$76:K$125,$C$76:$C$125,$D69,K$76:K$125,">0") -> 10704.919 | L69: =_xlfn.MINIFS(L$76:L$125,$C$76:$C$125,$D69,L$76:L$125,">0") -> 10704.919 | M69: =_xlfn.MINIFS(M$76:M$125,$C$76:$C$125,$D69,M$76:M$125,">0") -> 10704.919 | ... BM69: =_xlfn.MINIFS(BM$76:BM$125,$C$76:$C$125,$D69,BM$76:BM$125,">0") -> 268387.6
D70: Hoplens (FLA) 14xx | F70: =_xlfn.MINIFS(F$76:F$125,$C$76:$C$125,$D70,F$76:F$125,">0") -> 3157.1829 | G70: =_xlfn.MINIFS(G$76:G$125,$C$76:$C$125,$D70,G$76:G$125,">0") -> 3919.7088 | H70: =_xlfn.MINIFS(H$76:H$125,$C$76:$C$125,$D70,H$76:H$125,">0") -> 3919.7088 | I70: =_xlfn.MINIFS(I$76:I$125,$C$76:$C$125,$D70,I$76:I$125,">0") -> 3919.7088 | J70: =_xlfn.MINIFS(J$76:J$125,$C$76:$C$125,$D70,J$76:J$125,">0") -> 3919.7088 | K70: =_xlfn.MINIFS(K$76:K$125,$C$76:$C$125,$D70,K$76:K$125,">0") -> 3919.7088 | L70: =_xlfn.MINIFS(L$76:L$125,$C$76:$C$125,$D70,L$76:L$125,">0") -> 3919.7088 | M70: =_xlfn.MINIFS(M$76:M$125,$C$76:$C$125,$D70,M$76:M$125,">0") -> 3919.7088 | ... BM70: =_xlfn.MINIFS(BM$76:BM$125,$C$76:$C$125,$D70,BM$76:BM$125,">0") -> 74118.13
D71: Hoplens (FTA) H1x | F71: =_xlfn.MINIFS(F$76:F$125,$C$76:$C$125,$D71,F$76:F$125,">0") -> 649.0085 | G71: =_xlfn.MINIFS(G$76:G$125,$C$76:$C$125,$D71,G$76:G$125,">0") -> 649.0085 | H71: =_xlfn.MINIFS(H$76:H$125,$C$76:$C$125,$D71,H$76:H$125,">0") -> 649.0085 | I71: =_xlfn.MINIFS(I$76:I$125,$C$76:$C$125,$D71,I$76:I$125,">0") -> 649.0085 | J71: =_xlfn.MINIFS(J$76:J$125,$C$76:$C$125,$D71,J$76:J$125,">0") -> 1298.017 | K71: =_xlfn.MINIFS(K$76:K$125,$C$76:$C$125,$D71,K$76:K$125,">0") -> 1298.017 | L71: =_xlfn.MINIFS(L$76:L$125,$C$76:$C$125,$D71,L$76:L$125,">0") -> 1298.017 | M71: =_xlfn.MINIFS(M$76:M$125,$C$76:$C$125,$D71,M$76:M$125,">0") -> 1298.017 | ... BM71: =_xlfn.MINIFS(BM$76:BM$125,$C$76:$C$125,$D71,BM$76:BM$125,">0") -> 161739.84
D72: Hoplite (FBG) HRS | F72: =_xlfn.MINIFS(F$76:F$125,$C$76:$C$125,$D72,F$76:F$125,">0") -> 445.76854 | G72: =_xlfn.MINIFS(G$76:G$125,$C$76:$C$125,$D72,G$76:G$125,">0") -> 445.76854 | H72: =_xlfn.MINIFS(H$76:H$125,$C$76:$C$125,$D72,H$76:H$125,">0") -> 445.76854 | I72: =_xlfn.MINIFS(I$76:I$125,$C$76:$C$125,$D72,I$76:I$125,">0") -> 445.76854 | J72: =_xlfn.MINIFS(J$76:J$125,$C$76:$C$125,$D72,J$76:J$125,">0") -> 445.76854 | K72: =_xlfn.MINIFS(K$76:K$125,$C$76:$C$125,$D72,K$76:K$125,">0") -> 445.76854 | L72: =_xlfn.MINIFS(L$76:L$125,$C$76:$C$125,$D72,L$76:L$125,">0") -> 445.76854 | M72: =_xlfn.MINIFS(M$76:M$125,$C$76:$C$125,$D72,M$76:M$125,">0") -> 445.76854 | ... BM72: =_xlfn.MINIFS(BM$76:BM$125,$C$76:$C$125,$D72,BM$76:BM$125,">0") -> 5794.9911
D73: Hoplens (FTA) HRS | F73: =_xlfn.MINIFS(F$76:F$125,$C$76:$C$125,$D73,F$76:F$125,">0") -> 515.44809 | G73: =_xlfn.MINIFS(G$76:G$125,$C$76:$C$125,$D73,G$76:G$125,">0") -> 515.44809 | H73: =_xlfn.MINIFS(H$76:H$125,$C$76:$C$125,$D73,H$76:H$125,">0") -> 515.44809 | I73: =_xlfn.MINIFS(I$76:I$125,$C$76:$C$125,$D73,I$76:I$125,">0") -> 515.44809 | J73: =_xlfn.MINIFS(J$76:J$125,$C$76:$C$125,$D73,J$76:J$125,">0") -> 515.44809 | K73: =_xlfn.MINIFS(K$76:K$125,$C$76:$C$125,$D73,K$76:K$125,">0") -> 515.44809 | L73: =_xlfn.MINIFS(L$76:L$125,$C$76:$C$125,$D73,L$76:L$125,">0") -> 515.44809 | M73: =_xlfn.MINIFS(M$76:M$125,$C$76:$C$125,$D73,M$76:M$125,">0") -> 515.44809 | ... BM73: =_xlfn.MINIFS(BM$76:BM$125,$C$76:$C$125,$D73,BM$76:BM$125,">0") -> 6700.8252
B75: Capacity FG | T75: =9.12/60 -> 0.152 | U75: =21*0.9/T75 -> 124.34211
B76: =B750 -> Common | C76: =C750 -> Fiber Preparation | D76: =D750 -> Fiber Preparation | F76: =IFERROR(F802/F750*F$24,"-") -> 78663.485 | G76: =IFERROR(G802/G750*G$24,"-") -> 73820.67 | H76: =IFERROR(H802/H750*H$24,"-") -> 73820.67 | I76: =IFERROR(I802/I750*I$24,"-") -> 73820.67 | J76: =IFERROR(J802/J750*J$24,"-") -> 73820.67 | K76: =IFERROR(K802/K750*K$24,"-") -> 73820.67 | L76: =IFERROR(L802/L750*L$24,"-") -> 73820.67 | M76: =IFERROR(M802/M750*M$24,"-") -> 73820.67 | ... R76: =IFERROR(R802/R750*R$24,"-") -> 73820.67 | S76: =IFERROR(S802/S750*(S$24-S$36),"-") -> 950450.12 | T76: =IFERROR(T802/T750*T$24,"-") -> 71215.007 | U76: =IFERROR(U802/U750*U$24,"-") -> 71215.007 | V76: =IFERROR(V802/V750*V$24,"-") -> 71215.007 | W76: =IFERROR(W802/W750*W$24,"-") -> 71215.007 | X76: =IFERROR(X802/X750*X$24,"-") -> 71215.007 | Y76: =IFERROR(Y802/Y750*Y$24,"-") -> 71215.007 | Z76: =IFERROR(Z802/Z750*Z$24,"-") -> 71215.007 | AA76: =IFERROR(AA802/AA750*AA$24,"-") -> 71215.007 | ... AF76: =IFERROR(AF802/AF750*AF$24,"-") -> 71215.007 | AG76: =IFERROR(AG802/AG750*(AG$24-AG$36),"-") -> 919306.38 | AH76: =IFERROR(AH802/AH750*AH$24,"-") -> 71557.269 | AI76: =IFERROR(AI802/AI750*AI$24,"-") -> 71557.269 | AJ76: =IFERROR(AJ802/AJ750*AJ$24,"-") -> 71557.269 | AK76: =IFERROR(AK802/AK750*AK$24,"-") -> 71557.269 | AL76: =IFERROR(AL802/AL750*AL$24,"-") -> 71557.269 | AM76: =IFERROR(AM802/AM750*AM$24,"-") -> 71557.269 | AN76: =IFERROR(AN802/AN750*AN$24,"-") -> 71557.269 | AO76: =IFERROR(AO802/AO750*AO$24,"-") -> 71557.269 | ... AT76: =IFERROR(AT802/AT750*AT$24,"-") -> 71557.269 | AU76: =IFERROR(AU802/AU750*(AU$24-AU$36),"-") -> 941299.75 | AV76: =IFERROR(AV802/AV750*AV$24,"-") -> 71557.269 | AW76: =IFERROR(AW802/AW750*AW$24,"-") -> 71557.269 | AX76: =IFERROR(AX802/AX750*AX$24,"-") -> 71557.269 | AY76: =IFERROR(AY802/AY750*AY$24,"-") -> 71557.269 | AZ76: =IFERROR(AZ802/AZ750*AZ$24,"-") -> 71557.269 | BA76: =IFERROR(BA802/BA750*BA$24,"-") -> 71557.269 | BB76: =IFERROR(BB802/BB750*BB$24,"-") -> 71557.269 | BC76: =IFERROR(BC802/BC750*BC$24,"-") -> 71557.269 | ... BH76: =IFERROR(BH802/BH750*BH$24,"-") -> 71557.269 | BI76: =IFERROR(BI802/BI750*(BI$24-BI$36),"-") -> 817356.18 | BJ76: =IFERROR(BJ802/BJ750*(BJ$24-BJ$36),"-") -> 817356.18 | BK76: =IFERROR(BK802/BK750*(BK$24-BK$36),"-") -> 817356.18 | BL76: =IFERROR(BL802/BL750*(BL$24-BL$36),"-") -> 817356.18 | BM76: =IFERROR(BM802/BM750*(BM$24-BM$36),"-") -> 817356.18
B77: =B751 -> Common | C77: =C751 -> H2 Loading | D77: =D751 -> H2 Loading | F77: =IFERROR(F803/F751*F$24,"-") -> 38261.491 | G77: =IFERROR(G803/G751*G$24,"-") -> 38374.101 | H77: =IFERROR(H803/H751*H$24,"-") -> 38374.101 | I77: =IFERROR(I803/I751*I$24,"-") -> 38374.101 | J77: =IFERROR(J803/J751*J$24,"-") -> 38374.101 | K77: =IFERROR(K803/K751*K$24,"-") -> 38374.101 | L77: =IFERROR(L803/L751*L$24,"-") -> 38374.101 | M77: =IFERROR(M803/M751*M$24,"-") -> 38374.101 | ... R77: =IFERROR(R803/R751*R$24,"-") -> 67154.676 | S77: =IFERROR(S803/S751*(S$24-S$36),"-") -> 569120.01 | T77: =IFERROR(T803/T751*T$24,"-") -> 66280.323 | U77: =IFERROR(U803/U751*U$24,"-") -> 66280.323 | V77: =IFERROR(V803/V751*V$24,"-") -> 66280.323 | W77: =IFERROR(W803/W751*W$24,"-") -> 66280.323 | X77: =IFERROR(X803/X751*X$24,"-") -> 66280.323 | Y77: =IFERROR(Y803/Y751*Y$24,"-") -> 66280.323 | Z77: =IFERROR(Z803/Z751*Z$24,"-") -> 66280.323 | AA77: =IFERROR(AA803/AA751*AA$24,"-") -> 66280.323 | ... AF77: =IFERROR(AF803/AF751*AF$24,"-") -> 66280.323 | AG77: =IFERROR(AG803/AG751*(AG$24-AG$36),"-") -> 855605.12 | AH77: =IFERROR(AH803/AH751*AH$24,"-") -> 64306.207 | AI77: =IFERROR(AI803/AI751*AI$24,"-") -> 64306.207 | AJ77: =IFERROR(AJ803/AJ751*AJ$24,"-") -> 64306.207 | AK77: =IFERROR(AK803/AK751*AK$24,"-") -> 64306.207 | AL77: =IFERROR(AL803/AL751*AL$24,"-") -> 64306.207 | AM77: =IFERROR(AM803/AM751*AM$24,"-") -> 64306.207 | AN77: =IFERROR(AN803/AN751*AN$24,"-") -> 64306.207 | AO77: =IFERROR(AO803/AO751*AO$24,"-") -> 64306.207 | ... AT77: =IFERROR(AT803/AT751*AT$24,"-") -> 64306.207 | AU77: =IFERROR(AU803/AU751*(AU$24-AU$36),"-") -> 845915.69 | AV77: =IFERROR(AV803/AV751*AV$24,"-") -> 64306.207 | AW77: =IFERROR(AW803/AW751*AW$24,"-") -> 64306.207 | AX77: =IFERROR(AX803/AX751*AX$24,"-") -> 64306.207 | AY77: =IFERROR(AY803/AY751*AY$24,"-") -> 64306.207 | AZ77: =IFERROR(AZ803/AZ751*AZ$24,"-") -> 64306.207 | BA77: =IFERROR(BA803/BA751*BA$24,"-") -> 64306.207 | BB77: =IFERROR(BB803/BB751*BB$24,"-") -> 64306.207 | BC77: =IFERROR(BC803/BC751*BC$24,"-") -> 64306.207 | ... BH77: =IFERROR(BH803/BH751*BH$24,"-") -> 64306.207 | BI77: =IFERROR(BI803/BI751*(BI$24-BI$36),"-") -> 977066.04 | BJ77: =IFERROR(BJ803/BJ751*(BJ$24-BJ$36),"-") -> 977066.04 | BK77: =IFERROR(BK803/BK751*(BK$24-BK$36),"-") -> 977066.04 | BL77: =IFERROR(BL803/BL751*(BL$24-BL$36),"-") -> 977066.04 | BM77: =IFERROR(BM803/BM751*(BM$24-BM$36),"-") -> 977066.04
B78: =B752 -> Common | C78: =C752 -> Degas | D78: =D752 -> Degas | F78: =IFERROR(F804/F752*F$24,"-") -> 44056.614 | G78: =IFERROR(G804/G752*G$24,"-") -> 44283.678 | H78: =IFERROR(H804/H752*H$24,"-") -> 44283.678 | I78: =IFERROR(I804/I752*I$24,"-") -> 44283.678 | J78: =IFERROR(J804/J752*J$24,"-") -> 44283.678 | K78: =IFERROR(K804/K752*K$24,"-") -> 44283.678 | L78: =IFERROR(L804/L752*L$24,"-") -> 44283.678 | M78: =IFERROR(M804/M752*M$24,"-") -> 55354.598 | ... R78: =IFERROR(R804/R752*R$24,"-") -> 55354.598 | S78: =IFERROR(S804/S752*(S$24-S$36),"-") -> 635945.18 | T78: =IFERROR(T804/T752*T$24,"-") -> 57591.193 | U78: =IFERROR(U804/U752*U$24,"-") -> 57591.193 | V78: =IFERROR(V804/V752*V$24,"-") -> 57591.193 | W78: =IFERROR(W804/W752*W$24,"-") -> 57591.193 | X78: =IFERROR(X804/X752*X$24,"-") -> 57591.193 | Y78: =IFERROR(Y804/Y752*Y$24,"-") -> 57591.193 | Z78: =IFERROR(Z804/Z752*Z$24,"-") -> 57591.193 | AA78: =IFERROR(AA804/AA752*AA$24,"-") -> 57591.193 | ... AF78: =IFERROR(AF804/AF752*AF$24,"-") -> 57591.193 | AG78: =IFERROR(AG804/AG752*(AG$24-AG$36),"-") -> 743438.13 | AH78: =IFERROR(AH804/AH752*AH$24,"-") -> 55650.499 | AI78: =IFERROR(AI804/AI752*AI$24,"-") -> 55650.499 | AJ78: =IFERROR(AJ804/AJ752*AJ$24,"-") -> 55650.499 | AK78: =IFERROR(AK804/AK752*AK$24,"-") -> 55650.499 | AL78: =IFERROR(AL804/AL752*AL$24,"-") -> 55650.499 | AM78: =IFERROR(AM804/AM752*AM$24,"-") -> 55650.499 | AN78: =IFERROR(AN804/AN752*AN$24,"-") -> 55650.499 | AO78: =IFERROR(AO804/AO752*AO$24,"-") -> 55650.499 | ... AT78: =IFERROR(AT804/AT752*AT$24,"-") -> 55650.499 | AU78: =IFERROR(AU804/AU752*(AU$24-AU$36),"-") -> 732054.21 | AV78: =IFERROR(AV804/AV752*AV$24,"-") -> 55650.499 | AW78: =IFERROR(AW804/AW752*AW$24,"-") -> 55650.499 | AX78: =IFERROR(AX804/AX752*AX$24,"-") -> 55650.499 | AY78: =IFERROR(AY804/AY752*AY$24,"-") -> 55650.499 | AZ78: =IFERROR(AZ804/AZ752*AZ$24,"-") -> 55650.499 | BA78: =IFERROR(BA804/BA752*BA$24,"-") -> 55650.499 | BB78: =IFERROR(BB804/BB752*BB$24,"-") -> 55650.499 | BC78: =IFERROR(BC804/BC752*BC$24,"-") -> 55650.499 | ... BH78: =IFERROR(BH804/BH752*BH$24,"-") -> 55650.499 | BI78: =IFERROR(BI804/BI752*(BI$24-BI$36),"-") -> 845551.53 | BJ78: =IFERROR(BJ804/BJ752*(BJ$24-BJ$36),"-") -> 845551.53 | BK78: =IFERROR(BK804/BK752*(BK$24-BK$36),"-") -> 845551.53 | BL78: =IFERROR(BL804/BL752*(BL$24-BL$36),"-") -> 845551.53 | BM78: =IFERROR(BM804/BM752*(BM$24-BM$36),"-") -> 845551.53
B79: =B753 -> Common | C79: =C753 -> Optical Test | D79: =D753 -> Optical Test | F79: =IFERROR(F805/F753*F$24,"-") -> 42376.103 | G79: =IFERROR(G805/G753*G$24,"-") -> 56775.555 | H79: =IFERROR(H805/H753*H$24,"-") -> 56775.555 | I79: =IFERROR(I805/I753*I$24,"-") -> 56775.555 | J79: =IFERROR(J805/J753*J$24,"-") -> 56775.555 | K79: =IFERROR(K805/K753*K$24,"-") -> 56775.555 | L79: =IFERROR(L805/L753*L$24,"-") -> 56775.555 | M79: =IFERROR(M805/M753*M$24,"-") -> 56775.555 | ... R79: =IFERROR(R805/R753*R$24,"-") -> 56775.555 | S79: =IFERROR(S805/S753*(S$24-S$36),"-") -> 716934.65 | T79: =IFERROR(T805/T753*T$24,"-") -> 73293.252 | U79: =IFERROR(U805/U753*U$24,"-") -> 73293.252 | V79: =IFERROR(V805/V753*V$24,"-") -> 73293.252 | W79: =IFERROR(W805/W753*W$24,"-") -> 73293.252 | X79: =IFERROR(X805/X753*X$24,"-") -> 73293.252 | Y79: =IFERROR(Y805/Y753*Y$24,"-") -> 73293.252 | Z79: =IFERROR(Z805/Z753*Z$24,"-") -> 73293.252 | AA79: =IFERROR(AA805/AA753*AA$24,"-") -> 73293.252 | ... AF79: =IFERROR(AF805/AF753*AF$24,"-") -> 73293.252 | AG79: =IFERROR(AG805/AG753*(AG$24-AG$36),"-") -> 946134.21 | AH79: =IFERROR(AH805/AH753*AH$24,"-") -> 70864.422 | AI79: =IFERROR(AI805/AI753*AI$24,"-") -> 70864.422 | AJ79: =IFERROR(AJ805/AJ753*AJ$24,"-") -> 70864.422 | AK79: =IFERROR(AK805/AK753*AK$24,"-") -> 70864.422 | AL79: =IFERROR(AL805/AL753*AL$24,"-") -> 70864.422 | AM79: =IFERROR(AM805/AM753*AM$24,"-") -> 70864.422 | AN79: =IFERROR(AN805/AN753*AN$24,"-") -> 70864.422 | AO79: =IFERROR(AO805/AO753*AO$24,"-") -> 70864.422 | ... AT79: =IFERROR(AT805/AT753*AT$24,"-") -> 70864.422 | AU79: =IFERROR(AU805/AU753*(AU$24-AU$36),"-") -> 932185.7 | AV79: =IFERROR(AV805/AV753*AV$24,"-") -> 70864.422 | AW79: =IFERROR(AW805/AW753*AW$24,"-") -> 70864.422 | AX79: =IFERROR(AX805/AX753*AX$24,"-") -> 70864.422 | AY79: =IFERROR(AY805/AY753*AY$24,"-") -> 70864.422 | AZ79: =IFERROR(AZ805/AZ753*AZ$24,"-") -> 70864.422 | BA79: =IFERROR(BA805/BA753*BA$24,"-") -> 70864.422 | BB79: =IFERROR(BB805/BB753*BB$24,"-") -> 70864.422 | BC79: =IFERROR(BC805/BC753*BC$24,"-") -> 70864.422 | ... BH79: =IFERROR(BH805/BH753*BH$24,"-") -> 70864.422 | BI79: =IFERROR(BI805/BI753*(BI$24-BI$36),"-") -> 1076711.3 | BJ79: =IFERROR(BJ805/BJ753*(BJ$24-BJ$36),"-") -> 1076711.3 | BK79: =IFERROR(BK805/BK753*(BK$24-BK$36),"-") -> 1076711.3 | BL79: =IFERROR(BL805/BL753*(BL$24-BL$36),"-") -> 1076711.3 | BM79: =IFERROR(BM805/BM753*(BM$24-BM$36),"-") -> 1076711.3
B80: =B754 -> Common | C80: =C754 -> Blue Spool | D80: =D754 -> Blue Spool | F80: =IFERROR(F806/F754*F$24,"-") -> 70173.55 | G80: =IFERROR(G806/G754*G$24,"-") -> 70479.772 | H80: =IFERROR(H806/H754*H$24,"-") -> 70479.772 | I80: =IFERROR(I806/I754*I$24,"-") -> 70479.772 | J80: =IFERROR(J806/J754*J$24,"-") -> 70479.772 | K80: =IFERROR(K806/K754*K$24,"-") -> 70479.772 | L80: =IFERROR(L806/L754*L$24,"-") -> 70479.772 | M80: =IFERROR(M806/M754*M$24,"-") -> 70479.772 | ... R80: =IFERROR(R806/R754*R$24,"-") -> 70479.772 | S80: =IFERROR(S806/S754*(S$24-S$36),"-") -> 907435.64 | T80: =IFERROR(T806/T754*T$24,"-") -> 70100.832 | U80: =IFERROR(U806/U754*U$24,"-") -> 70100.832 | V80: =IFERROR(V806/V754*V$24,"-") -> 70100.832 | W80: =IFERROR(W806/W754*W$24,"-") -> 70100.832 | X80: =IFERROR(X806/X754*X$24,"-") -> 70100.832 | Y80: =IFERROR(Y806/Y754*Y$24,"-") -> 70100.832 | Z80: =IFERROR(Z806/Z754*Z$24,"-") -> 70100.832 | AA80: =IFERROR(AA806/AA754*AA$24,"-") -> 70100.832 | ... AF80: =IFERROR(AF806/AF754*AF$24,"-") -> 70100.832 | AG80: =IFERROR(AG806/AG754*(AG$24-AG$36),"-") -> 904923.63 | AH80: =IFERROR(AH806/AH754*AH$24,"-") -> 71810.027 | AI80: =IFERROR(AI806/AI754*AI$24,"-") -> 71810.027 | AJ80: =IFERROR(AJ806/AJ754*AJ$24,"-") -> 71810.027 | AK80: =IFERROR(AK806/AK754*AK$24,"-") -> 71810.027 | AL80: =IFERROR(AL806/AL754*AL$24,"-") -> 71810.027 | AM80: =IFERROR(AM806/AM754*AM$24,"-") -> 71810.027 | AN80: =IFERROR(AN806/AN754*AN$24,"-") -> 71810.027 | AO80: =IFERROR(AO806/AO754*AO$24,"-") -> 71810.027 | ... AT80: =IFERROR(AT806/AT754*AT$24,"-") -> 71810.027 | AU80: =IFERROR(AU806/AU754*(AU$24-AU$36),"-") -> 944624.65 | AV80: =IFERROR(AV806/AV754*AV$24,"-") -> 119683.38 | AW80: =IFERROR(AW806/AW754*AW$24,"-") -> 119683.38 | AX80: =IFERROR(AX806/AX754*AX$24,"-") -> 119683.38 | AY80: =IFERROR(AY806/AY754*AY$24,"-") -> 119683.38 | AZ80: =IFERROR(AZ806/AZ754*AZ$24,"-") -> 119683.38 | BA80: =IFERROR(BA806/BA754*BA$24,"-") -> 119683.38 | BB80: =IFERROR(BB806/BB754*BB$24,"-") -> 119683.38 | BC80: =IFERROR(BC806/BC754*BC$24,"-") -> 119683.38 | ... BH80: =IFERROR(BH806/BH754*BH$24,"-") -> 119683.38 | BI80: =IFERROR(BI806/BI754*(BI$24-BI$36),"-") -> 1119542.2 | BJ80: =IFERROR(BJ806/BJ754*(BJ$24-BJ$36),"-") -> 1119542.2 | BK80: =IFERROR(BK806/BK754*(BK$24-BK$36),"-") -> 1119542.2 | BL80: =IFERROR(BL806/BL754*(BL$24-BL$36),"-") -> 1119542.2 | BM80: =IFERROR(BM806/BM754*(BM$24-BM$36),"-") -> 1119542.2
B81: Common Hoplite | C81: =C755 -> Final Inspection | D81: =D755 -> Hoplite Final Inspection | F81: =IFERROR(F807/F755*F$31,"-") -> 21849.87 | G81: =IFERROR(G807/G755*G$31,"-") -> 22131.019 | H81: =IFERROR(H807/H755*H$31,"-") -> 22131.019 | I81: =IFERROR(I807/I755*I$31,"-") -> 22131.019 | J81: =IFERROR(J807/J755*J$31,"-") -> 22131.019 | K81: =IFERROR(K807/K755*K$31,"-") -> 22131.019 | L81: =IFERROR(L807/L755*L$31,"-") -> 22131.019 | M81: =IFERROR(M807/M755*M$31,"-") -> 22131.019 | ... R81: =IFERROR(R807/R755*R$31,"-") -> 22131.019 | S81: =IFERROR(S807/S755*(S$24-S$36),"-") -> 592476.2 | T81: =IFERROR(T807/T755*T$31,"-") -> 29224.147 | U81: =IFERROR(U807/U755*U$31,"-") -> 29224.147 | V81: =IFERROR(V807/V755*V$31,"-") -> 29224.147 | W81: =IFERROR(W807/W755*W$31,"-") -> 29224.147 | X81: =IFERROR(X807/X755*X$31,"-") -> 29224.147 | Y81: =IFERROR(Y807/Y755*Y$31,"-") -> 29224.147 | Z81: =IFERROR(Z807/Z755*Z$31,"-") -> 29224.147 | AA81: =IFERROR(AA807/AA755*AA$31,"-") -> 29224.147 | ... AF81: =IFERROR(AF807/AF755*AF$31,"-") -> 29224.147 | AG81: =IFERROR(AG807/AG755*(AG$24-AG$36),"-") -> 773644.61 | AH81: =IFERROR(AH807/AH755*AH$31,"-") -> 28176.85 | AI81: =IFERROR(AI807/AI755*AI$31,"-") -> 28176.85 | AJ81: =IFERROR(AJ807/AJ755*AJ$31,"-") -> 28176.85 | AK81: =IFERROR(AK807/AK755*AK$31,"-") -> 28176.85 | AL81: =IFERROR(AL807/AL755*AL$31,"-") -> 28176.85 | AM81: =IFERROR(AM807/AM755*AM$31,"-") -> 28176.85 | AN81: =IFERROR(AN807/AN755*AN$31,"-") -> 28176.85 | AO81: =IFERROR(AO807/AO755*AO$31,"-") -> 28176.85 | ... AT81: =IFERROR(AT807/AT755*AT$31,"-") -> 28176.85 | AU81: =IFERROR(AU807/AU755*(AU$24-AU$36),"-") -> 737512.57 | AV81: =IFERROR(AV807/AV755*AV$31,"-") -> 28176.85 | AW81: =IFERROR(AW807/AW755*AW$31,"-") -> 28176.85 | AX81: =IFERROR(AX807/AX755*AX$31,"-") -> 28176.85 | AY81: =IFERROR(AY807/AY755*AY$31,"-") -> 28176.85 | AZ81: =IFERROR(AZ807/AZ755*AZ$31,"-") -> 28176.85 | BA81: =IFERROR(BA807/BA755*BA$31,"-") -> 28176.85 | BB81: =IFERROR(BB807/BB755*BB$31,"-") -> 28176.85 | BC81: =IFERROR(BC807/BC755*BC$31,"-") -> 28176.85 | ... BH81: =IFERROR(BH807/BH755*BH$31,"-") -> 28176.85 | BI81: =IFERROR(BI807/BI755*(BI$24-BI$36),"-") -> 851856.14 | BJ81: =IFERROR(BJ807/BJ755*(BJ$24-BJ$36),"-") -> 851856.14 | BK81: =IFERROR(BK807/BK755*(BK$24-BK$36),"-") -> 851856.14 | BL81: =IFERROR(BL807/BL755*(BL$24-BL$36),"-") -> 851856.14 | BM81: =IFERROR(BM807/BM755*(BM$24-BM$36),"-") -> 851856.14
B82: Common Hoplens | C82: =C756 -> Final Inspection | D82: =D756 -> Hoplens Final Inspection | F82: =IFERROR(F808/F756*F$32,"-") -> 16828.507 | G82: =IFERROR(G808/G756*G$32,"-") -> 16828.507 | H82: =IFERROR(H808/H756*H$32,"-") -> 16828.507 | I82: =IFERROR(I808/I756*I$32,"-") -> 16828.507 | J82: =IFERROR(J808/J756*J$32,"-") -> 16828.507 | K82: =IFERROR(K808/K756*K$32,"-") -> 16828.507 | L82: =IFERROR(L808/L756*L$32,"-") -> 16828.507 | M82: =IFERROR(M808/M756*M$32,"-") -> 16828.507 | ... R82: =IFERROR(R808/R756*R$32,"-") -> 33657.015 | S82: =IFERROR(S808/S756*(S$24-S$36),"-") -> 539789.01 | T82: =IFERROR(T808/T756*T$32,"-") -> 30272.094 | U82: =IFERROR(U808/U756*U$32,"-") -> 30272.094 | V82: =IFERROR(V808/V756*V$32,"-") -> 30272.094 | W82: =IFERROR(W808/W756*W$32,"-") -> 30272.094 | X82: =IFERROR(X808/X756*X$32,"-") -> 30272.094 | Y82: =IFERROR(Y808/Y756*Y$32,"-") -> 30272.094 | Z82: =IFERROR(Z808/Z756*Z$32,"-") -> 30272.094 | AA82: =IFERROR(AA808/AA756*AA$32,"-") -> 30272.094 | ... AF82: =IFERROR(AF808/AF756*AF$32,"-") -> 30272.094 | AG82: =IFERROR(AG808/AG756*(AG$24-AG$36),"-") -> 773264.42 | AH82: =IFERROR(AH808/AH756*AH$32,"-") -> 30803.821 | AI82: =IFERROR(AI808/AI756*AI$32,"-") -> 30803.821 | AJ82: =IFERROR(AJ808/AJ756*AJ$32,"-") -> 30803.821 | AK82: =IFERROR(AK808/AK756*AK$32,"-") -> 30803.821 | AL82: =IFERROR(AL808/AL756*AL$32,"-") -> 30803.821 | AM82: =IFERROR(AM808/AM756*AM$32,"-") -> 30803.821 | AN82: =IFERROR(AN808/AN756*AN$32,"-") -> 30803.821 | AO82: =IFERROR(AO808/AO756*AO$32,"-") -> 30803.821 | ... AT82: =IFERROR(AT808/AT756*AT$32,"-") -> 30803.821 | AU82: =IFERROR(AU808/AU756*(AU$24-AU$36),"-") -> 795597.83 | AV82: =IFERROR(AV808/AV756*AV$32,"-") -> 42355.254 | AW82: =IFERROR(AW808/AW756*AW$32,"-") -> 42355.254 | AX82: =IFERROR(AX808/AX756*AX$32,"-") -> 42355.254 | AY82: =IFERROR(AY808/AY756*AY$32,"-") -> 42355.254 | AZ82: =IFERROR(AZ808/AZ756*AZ$32,"-") -> 42355.254 | BA82: =IFERROR(BA808/BA756*BA$32,"-") -> 42355.254 | BB82: =IFERROR(BB808/BB756*BB$32,"-") -> 42355.254 | BC82: =IFERROR(BC808/BC756*BC$32,"-") -> 42355.254 | ... BH82: =IFERROR(BH808/BH756*BH$32,"-") -> 42355.254 | BI82: =IFERROR(BI808/BI756*(BI$24-BI$36),"-") -> 946859.33 | BJ82: =IFERROR(BJ808/BJ756*(BJ$24-BJ$36),"-") -> 946859.33 | BK82: =IFERROR(BK808/BK756*(BK$24-BK$36),"-") -> 946859.33 | BL82: =IFERROR(BL808/BL756*(BL$24-BL$36),"-") -> 946859.33 | BM82: =IFERROR(BM808/BM756*(BM$24-BM$36),"-") -> 946859.33
B83: =B757 -> Common | C83: =C757 -> Packing and label printing | D83: =D757 -> Packing and label printing | F83: =IFERROR(F809/F757*F$24,"-") -> 54106.239 | G83: =IFERROR(G809/G757*G$24,"-") -> 54345.453 | H83: =IFERROR(H809/H757*H$24,"-") -> 54345.453 | I83: =IFERROR(I809/I757*I$24,"-") -> 54345.453 | J83: =IFERROR(J809/J757*J$24,"-") -> 54345.453 | K83: =IFERROR(K809/K757*K$24,"-") -> 54345.453 | L83: =IFERROR(L809/L757*L$24,"-") -> 54345.453 | M83: =IFERROR(M809/M757*M$24,"-") -> 54345.453 | ... R83: =IFERROR(R809/R757*R$24,"-") -> 54345.453 | S83: =IFERROR(S809/S757*(S$24-S$36),"-") -> 699704.33 | T83: =IFERROR(T809/T757*T$24,"-") -> 55077.353 | U83: =IFERROR(U809/U757*U$24,"-") -> 55077.353 | V83: =IFERROR(V809/V757*V$24,"-") -> 55077.353 | W83: =IFERROR(W809/W757*W$24,"-") -> 55077.353 | X83: =IFERROR(X809/X757*X$24,"-") -> 55077.353 | Y83: =IFERROR(Y809/Y757*Y$24,"-") -> 55077.353 | Z83: =IFERROR(Z809/Z757*Z$24,"-") -> 55077.353 | AA83: =IFERROR(AA809/AA757*AA$24,"-") -> 55077.353 | ... AF83: =IFERROR(AF809/AF757*AF$24,"-") -> 55077.353 | AG83: =IFERROR(AG809/AG757*(AG$24-AG$36),"-") -> 710987.26 | AH83: =IFERROR(AH809/AH757*AH$24,"-") -> 54587.001 | AI83: =IFERROR(AI809/AI757*AI$24,"-") -> 54587.001 | AJ83: =IFERROR(AJ809/AJ757*AJ$24,"-") -> 54587.001 | AK83: =IFERROR(AK809/AK757*AK$24,"-") -> 54587.001 | AL83: =IFERROR(AL809/AL757*AL$24,"-") -> 54587.001 | AM83: =IFERROR(AM809/AM757*AM$24,"-") -> 54587.001 | AN83: =IFERROR(AN809/AN757*AN$24,"-") -> 54587.001 | AO83: =IFERROR(AO809/AO757*AO$24,"-") -> 54587.001 | ... AT83: =IFERROR(AT809/AT757*AT$24,"-") -> 54587.001 | AU83: =IFERROR(AU809/AU757*(AU$24-AU$36),"-") -> 718064.44 | AV83: =IFERROR(AV809/AV757*AV$24,"-") -> 90978.335 | AW83: =IFERROR(AW809/AW757*AW$24,"-") -> 90978.335 | AX83: =IFERROR(AX809/AX757*AX$24,"-") -> 90978.335 | AY83: =IFERROR(AY809/AY757*AY$24,"-") -> 90978.335 | AZ83: =IFERROR(AZ809/AZ757*AZ$24,"-") -> 90978.335 | BA83: =IFERROR(BA809/BA757*BA$24,"-") -> 90978.335 | BB83: =IFERROR(BB809/BB757*BB$24,"-") -> 90978.335 | BC83: =IFERROR(BC809/BC757*BC$24,"-") -> 90978.335 | ... BH83: =IFERROR(BH809/BH757*BH$24,"-") -> 90978.335 | BI83: =IFERROR(BI809/BI757*(BI$24-BI$36),"-") -> 1059974.7 | BJ83: =IFERROR(BJ809/BJ757*(BJ$24-BJ$36),"-") -> 1059974.7 | BK83: =IFERROR(BK809/BK757*(BK$24-BK$36),"-") -> 1059974.7 | BL83: =IFERROR(BL809/BL757*(BL$24-BL$36),"-") -> 1059974.7 | BM83: =IFERROR(BM809/BM757*(BM$24-BM$36),"-") -> 1059974.7
B84: =B758 -> Dedicated for Hoplite (FBG) 980 | C84: Hoplite (FBG) 980 | D84: Kitting | F84: =IFERROR(F810/F758*SUMIF($D$25:$D$35,$C84,F$25:F$35),"-") -> 79885.176 | G84: =IFERROR(G810/G758*SUMIF($D$25:$D$35,$C84,G$25:G$35),"-") -> 79885.176 | H84: =IFERROR(H810/H758*SUMIF($D$25:$D$35,$C84,H$25:H$35),"-") -> 79885.176 | I84: =IFERROR(I810/I758*SUMIF($D$25:$D$35,$C84,I$25:I$35),"-") -> 79885.176 | J84: =IFERROR(J810/J758*SUMIF($D$25:$D$35,$C84,J$25:J$35),"-") -> 79885.176 | K84: =IFERROR(K810/K758*SUMIF($D$25:$D$35,$C84,K$25:K$35),"-") -> 79885.176 | L84: =IFERROR(L810/L758*SUMIF($D$25:$D$35,$C84,L$25:L$35),"-") -> 79885.176 | M84: =IFERROR(M810/M758*SUMIF($D$25:$D$35,$C84,M$25:M$35),"-") -> 99856.47 | ... BM84: =IFERROR(BM810/BM758*SUMIF($D$25:$D$35,$C84,BM$25:BM$35),"-") -> 1427947.5
B85: =B759 -> Dedicated for Hoplite (FBG) 980 | C85: Hoplite (FBG) 980 | D85: Stripping & Cleaning | F85: =IFERROR(F811/F759*SUMIF($D$25:$D$35,$C85,F$25:F$35),"-") -> 21192.181 | G85: =IFERROR(G811/G759*SUMIF($D$25:$D$35,$C85,G$25:G$35),"-") -> 21192.181 | H85: =IFERROR(H811/H759*SUMIF($D$25:$D$35,$C85,H$25:H$35),"-") -> 21192.181 | I85: =IFERROR(I811/I759*SUMIF($D$25:$D$35,$C85,I$25:I$35),"-") -> 21192.181 | J85: =IFERROR(J811/J759*SUMIF($D$25:$D$35,$C85,J$25:J$35),"-") -> 21192.181 | K85: =IFERROR(K811/K759*SUMIF($D$25:$D$35,$C85,K$25:K$35),"-") -> 21192.181 | L85: =IFERROR(L811/L759*SUMIF($D$25:$D$35,$C85,L$25:L$35),"-") -> 21192.181 | M85: =IFERROR(M811/M759*SUMIF($D$25:$D$35,$C85,M$25:M$35),"-") -> 26490.226 | ... BM85: =IFERROR(BM811/BM759*SUMIF($D$25:$D$35,$C85,BM$25:BM$35),"-") -> 378810.23
B86: =B760 -> Dedicated for Hoplite (FBG) 980 | C86: Hoplite (FBG) 980 | D86: Writing | F86: =IFERROR(F812/F760*SUMIF($D$25:$D$35,$C86,F$25:F$35),"-") -> 15491.848 | G86: =IFERROR(G812/G760*SUMIF($D$25:$D$35,$C86,G$25:G$35),"-") -> 15491.848 | H86: =IFERROR(H812/H760*SUMIF($D$25:$D$35,$C86,H$25:H$35),"-") -> 15491.848 | I86: =IFERROR(I812/I760*SUMIF($D$25:$D$35,$C86,I$25:I$35),"-") -> 15491.848 | J86: =IFERROR(J812/J760*SUMIF($D$25:$D$35,$C86,J$25:J$35),"-") -> 17428.329 | K86: =IFERROR(K812/K760*SUMIF($D$25:$D$35,$C86,K$25:K$35),"-") -> 17428.329 | L86: =IFERROR(L812/L760*SUMIF($D$25:$D$35,$C86,L$25:L$35),"-") -> 17428.329 | M86: =IFERROR(M812/M760*SUMIF($D$25:$D$35,$C86,M$25:M$35),"-") -> 19364.81 | ... BM86: =IFERROR(BM812/BM760*SUMIF($D$25:$D$35,$C86,BM$25:BM$35),"-") -> 276916.78
B87: =B761 -> Dedicated for Hoplite (FBG) 980 | C87: Hoplite (FBG) 980 | D87: Fiber Recoating | F87: =IFERROR(F813/F761*SUMIF($D$25:$D$35,$C87,F$25:F$35),"-") -> 18092.065 | G87: =IFERROR(G813/G761*SUMIF($D$25:$D$35,$C87,G$25:G$35),"-") -> 18092.065 | H87: =IFERROR(H813/H761*SUMIF($D$25:$D$35,$C87,H$25:H$35),"-") -> 18092.065 | I87: =IFERROR(I813/I761*SUMIF($D$25:$D$35,$C87,I$25:I$35),"-") -> 18092.065 | J87: =IFERROR(J813/J761*SUMIF($D$25:$D$35,$C87,J$25:J$35),"-") -> 18092.065 | K87: =IFERROR(K813/K761*SUMIF($D$25:$D$35,$C87,K$25:K$35),"-") -> 18092.065 | L87: =IFERROR(L813/L761*SUMIF($D$25:$D$35,$C87,L$25:L$35),"-") -> 18092.065 | M87: =IFERROR(M813/M761*SUMIF($D$25:$D$35,$C87,M$25:M$35),"-") -> 22615.082 | ... BM87: =IFERROR(BM813/BM761*SUMIF($D$25:$D$35,$C87,BM$25:BM$35),"-") -> 323395.67
B88: =B762 -> Dedicated for Hoplite (FBG) 980 | C88: Hoplite (FBG) 980 | D88: Proof Test | F88: =IFERROR(F814/F762*SUMIF($D$25:$D$35,$C88,F$25:F$35),"-") -> 29755.975 | G88: =IFERROR(G814/G762*SUMIF($D$25:$D$35,$C88,G$25:G$35),"-") -> 29755.975 | H88: =IFERROR(H814/H762*SUMIF($D$25:$D$35,$C88,H$25:H$35),"-") -> 29755.975 | I88: =IFERROR(I814/I762*SUMIF($D$25:$D$35,$C88,I$25:I$35),"-") -> 29755.975 | J88: =IFERROR(J814/J762*SUMIF($D$25:$D$35,$C88,J$25:J$35),"-") -> 29755.975 | K88: =IFERROR(K814/K762*SUMIF($D$25:$D$35,$C88,K$25:K$35),"-") -> 29755.975 | L88: =IFERROR(L814/L762*SUMIF($D$25:$D$35,$C88,L$25:L$35),"-") -> 29755.975 | M88: =IFERROR(M814/M762*SUMIF($D$25:$D$35,$C88,M$25:M$35),"-") -> 37194.968 | ... BM88: =IFERROR(BM814/BM762*SUMIF($D$25:$D$35,$C88,BM$25:BM$35),"-") -> 531888.05
B89: =B763 -> Dedicated for Hoplite (FBG) 14xx | C89: =C763 -> Hoplite (FBG) 14xx | D89: =D763 -> Kitting | F89: =IFERROR(F815/F763*SUMIF($D$25:$D$35,$C89,F$25:F$35),"-") -> 12462.146 | G89: =IFERROR(G815/G763*SUMIF($D$25:$D$35,$C89,G$25:G$35),"-") -> 12599.763 | H89: =IFERROR(H815/H763*SUMIF($D$25:$D$35,$C89,H$25:H$35),"-") -> 12599.763 | I89: =IFERROR(I815/I763*SUMIF($D$25:$D$35,$C89,I$25:I$35),"-") -> 12599.763 | J89: =IFERROR(J815/J763*SUMIF($D$25:$D$35,$C89,J$25:J$35),"-") -> 12599.763 | K89: =IFERROR(K815/K763*SUMIF($D$25:$D$35,$C89,K$25:K$35),"-") -> 12599.763 | L89: =IFERROR(L815/L763*SUMIF($D$25:$D$35,$C89,L$25:L$35),"-") -> 12599.763 | M89: =IFERROR(M815/M763*SUMIF($D$25:$D$35,$C89,M$25:M$35),"-") -> 12599.763 | ... BM89: =IFERROR(BM815/BM763*SUMIF($D$25:$D$35,$C89,BM$25:BM$35),"-") -> 262075.08
B90: =B764 -> Dedicated for Hoplite (FBG) 14xx | C90: =C764 -> Hoplite (FBG) 14xx | D90: =D764 -> Stripping & Cleaning | F90: =IFERROR(F816/F764*SUMIF($D$25:$D$35,$C90,F$25:F$35),"-") -> 8324.7739 | G90: =IFERROR(G816/G764*SUMIF($D$25:$D$35,$C90,G$25:G$35),"-") -> 8416.7032 | H90: =IFERROR(H816/H764*SUMIF($D$25:$D$35,$C90,H$25:H$35),"-") -> 8416.7032 | I90: =IFERROR(I816/I764*SUMIF($D$25:$D$35,$C90,I$25:I$35),"-") -> 8416.7032 | J90: =IFERROR(J816/J764*SUMIF($D$25:$D$35,$C90,J$25:J$35),"-") -> 8416.7032 | K90: =IFERROR(K816/K764*SUMIF($D$25:$D$35,$C90,K$25:K$35),"-") -> 8416.7032 | L90: =IFERROR(L816/L764*SUMIF($D$25:$D$35,$C90,L$25:L$35),"-") -> 8416.7032 | M90: =IFERROR(M816/M764*SUMIF($D$25:$D$35,$C90,M$25:M$35),"-") -> 8416.7032 | ... BM90: =IFERROR(BM816/BM764*SUMIF($D$25:$D$35,$C90,BM$25:BM$35),"-") -> 175067.43
B91: =B765 -> Dedicated for Hoplite (FBG) 14xx | C91: =C765 -> Hoplite (FBG) 14xx | D91: =D765 -> Writing | F91: =IFERROR(F817/F765*SUMIF($D$25:$D$35,$C91,F$25:F$35),"-") -> 4955.0243 | G91: =IFERROR(G817/G765*SUMIF($D$25:$D$35,$C91,G$25:G$35),"-") -> 5009.7419 | H91: =IFERROR(H817/H765*SUMIF($D$25:$D$35,$C91,H$25:H$35),"-") -> 5009.7419 | I91: =IFERROR(I817/I765*SUMIF($D$25:$D$35,$C91,I$25:I$35),"-") -> 5009.7419 | J91: =IFERROR(J817/J765*SUMIF($D$25:$D$35,$C91,J$25:J$35),"-") -> 5009.7419 | K91: =IFERROR(K817/K765*SUMIF($D$25:$D$35,$C91,K$25:K$35),"-") -> 5009.7419 | L91: =IFERROR(L817/L765*SUMIF($D$25:$D$35,$C91,L$25:L$35),"-") -> 5009.7419 | M91: =IFERROR(M817/M765*SUMIF($D$25:$D$35,$C91,M$25:M$35),"-") -> 5009.7419 | ... BM91: =IFERROR(BM817/BM765*SUMIF($D$25:$D$35,$C91,BM$25:BM$35),"-") -> 104202.63
B92: =B766 -> Dedicated for Hoplite (FBG) 14xx | C92: =C766 -> Hoplite (FBG) 14xx | D92: =D766 -> Fiber Recoating | F92: =IFERROR(F818/F766*SUMIF($D$25:$D$35,$C92,F$25:F$35),"-") -> 4551.7801 | G92: =IFERROR(G818/G766*SUMIF($D$25:$D$35,$C92,G$25:G$35),"-") -> 4602.0448 | H92: =IFERROR(H818/H766*SUMIF($D$25:$D$35,$C92,H$25:H$35),"-") -> 4602.0448 | I92: =IFERROR(I818/I766*SUMIF($D$25:$D$35,$C92,I$25:I$35),"-") -> 4602.0448 | J92: =IFERROR(J818/J766*SUMIF($D$25:$D$35,$C92,J$25:J$35),"-") -> 4602.0448 | K92: =IFERROR(K818/K766*SUMIF($D$25:$D$35,$C92,K$25:K$35),"-") -> 4602.0448 | L92: =IFERROR(L818/L766*SUMIF($D$25:$D$35,$C92,L$25:L$35),"-") -> 4602.0448 | M92: =IFERROR(M818/M766*SUMIF($D$25:$D$35,$C92,M$25:M$35),"-") -> 4602.0448 | ... BM92: =IFERROR(BM818/BM766*SUMIF($D$25:$D$35,$C92,BM$25:BM$35),"-") -> 95722.531
B93: =B767 -> Dedicated for Hoplite (FBG) 14xx | C93: =C767 -> Hoplite (FBG) 14xx | D93: =D767 -> Proof Test | F93: =IFERROR(F819/F767*SUMIF($D$25:$D$35,$C93,F$25:F$35),"-") -> 10285.841 | G93: =IFERROR(G819/G767*SUMIF($D$25:$D$35,$C93,G$25:G$35),"-") -> 10399.426 | H93: =IFERROR(H819/H767*SUMIF($D$25:$D$35,$C93,H$25:H$35),"-") -> 10399.426 | I93: =IFERROR(I819/I767*SUMIF($D$25:$D$35,$C93,I$25:I$35),"-") -> 10399.426 | J93: =IFERROR(J819/J767*SUMIF($D$25:$D$35,$C93,J$25:J$35),"-") -> 10399.426 | K93: =IFERROR(K819/K767*SUMIF($D$25:$D$35,$C93,K$25:K$35),"-") -> 10399.426 | L93: =IFERROR(L819/L767*SUMIF($D$25:$D$35,$C93,L$25:L$35),"-") -> 10399.426 | M93: =IFERROR(M819/M767*SUMIF($D$25:$D$35,$C93,M$25:M$35),"-") -> 10399.426 | ... BM93: =IFERROR(BM819/BM767*SUMIF($D$25:$D$35,$C93,BM$25:BM$35),"-") -> 216308.06
B94: =B768 -> Dedicated for Hoplens (FTA) 980 | C94: =C768 -> Hoplens (FTA) 980 | D94: =D768 -> Catridge Preparation | F94: =IFERROR(F820/F768*SUMIF($D$25:$D$35,$C94,F$25:F$35),"-") -> 15373.25 | G94: =IFERROR(G820/G768*SUMIF($D$25:$D$35,$C94,G$25:G$35),"-") -> 15373.25 | H94: =IFERROR(H820/H768*SUMIF($D$25:$D$35,$C94,H$25:H$35),"-") -> 18447.9 | I94: =IFERROR(I820/I768*SUMIF($D$25:$D$35,$C94,I$25:I$35),"-") -> 21522.55 | J94: =IFERROR(J820/J768*SUMIF($D$25:$D$35,$C94,J$25:J$35),"-") -> 21522.55 | K94: =IFERROR(K820/K768*SUMIF($D$25:$D$35,$C94,K$25:K$35),"-") -> 21522.55 | L94: =IFERROR(L820/L768*SUMIF($D$25:$D$35,$C94,L$25:L$35),"-") -> 21522.55 | M94: =IFERROR(M820/M768*SUMIF($D$25:$D$35,$C94,M$25:M$35),"-") -> 21522.55 | ... BM94: =IFERROR(BM820/BM768*SUMIF($D$25:$D$35,$C94,BM$25:BM$35),"-") -> 539601.08
B95: =B769 -> Dedicated for Hoplens (FTA) 980 | C95: =C769 -> Hoplens (FTA) 980 | D95: =D769 -> Lensing | F95: =IFERROR(F821/F769*SUMIF($D$25:$D$35,$C95,F$25:F$35),"-") -> 7646.3705 | G95: =IFERROR(G821/G769*SUMIF($D$25:$D$35,$C95,G$25:G$35),"-") -> 7646.3705 | H95: =IFERROR(H821/H769*SUMIF($D$25:$D$35,$C95,H$25:H$35),"-") -> 9175.6446 | I95: =IFERROR(I821/I769*SUMIF($D$25:$D$35,$C95,I$25:I$35),"-") -> 10704.919 | J95: =IFERROR(J821/J769*SUMIF($D$25:$D$35,$C95,J$25:J$35),"-") -> 10704.919 | K95: =IFERROR(K821/K769*SUMIF($D$25:$D$35,$C95,K$25:K$35),"-") -> 10704.919 | L95: =IFERROR(L821/L769*SUMIF($D$25:$D$35,$C95,L$25:L$35),"-") -> 10704.919 | M95: =IFERROR(M821/M769*SUMIF($D$25:$D$35,$C95,M$25:M$35),"-") -> 10704.919 | ... BM95: =IFERROR(BM821/BM769*SUMIF($D$25:$D$35,$C95,BM$25:BM$35),"-") -> 268387.6
B96: =B770 -> Dedicated for Hoplens (FTA) 980 | C96: =C770 -> Hoplens (FTA) 980 | D96: =D770 -> Final Stripping | F96: =IFERROR(F822/F770*SUMIF($D$25:$D$35,$C96,F$25:F$35),"-") -> 10398.365 | G96: =IFERROR(G822/G770*SUMIF($D$25:$D$35,$C96,G$25:G$35),"-") -> 10398.365 | H96: =IFERROR(H822/H770*SUMIF($D$25:$D$35,$C96,H$25:H$35),"-") -> 10398.365 | I96: =IFERROR(I822/I770*SUMIF($D$25:$D$35,$C96,I$25:I$35),"-") -> 13864.486 | J96: =IFERROR(J822/J770*SUMIF($D$25:$D$35,$C96,J$25:J$35),"-") -> 13864.486 | K96: =IFERROR(K822/K770*SUMIF($D$25:$D$35,$C96,K$25:K$35),"-") -> 13864.486 | L96: =IFERROR(L822/L770*SUMIF($D$25:$D$35,$C96,L$25:L$35),"-") -> 13864.486 | M96: =IFERROR(M822/M770*SUMIF($D$25:$D$35,$C96,M$25:M$35),"-") -> 13864.486 | ... BM96: =IFERROR(BM822/BM770*SUMIF($D$25:$D$35,$C96,BM$25:BM$35),"-") -> 304152.17
B97: =B771 -> Dedicated for Hoplens (FLA) 14xx | C97: =C771 -> Hoplens (FLA) 14xx | D97: =D771 -> Catridge Preparation | F97: =IFERROR(F823/F771*SUMIF($D$25:$D$35,$C97,F$25:F$35),"-") -> 7463.5893 | G97: =IFERROR(G823/G771*SUMIF($D$25:$D$35,$C97,G$25:G$35),"-") -> 9097.7262 | H97: =IFERROR(H823/H771*SUMIF($D$25:$D$35,$C97,H$25:H$35),"-") -> 9097.7262 | I97: =IFERROR(I823/I771*SUMIF($D$25:$D$35,$C97,I$25:I$35),"-") -> 9097.7262 | J97: =IFERROR(J823/J771*SUMIF($D$25:$D$35,$C97,J$25:J$35),"-") -> 9097.7262 | K97: =IFERROR(K823/K771*SUMIF($D$25:$D$35,$C97,K$25:K$35),"-") -> 9097.7262 | L97: =IFERROR(L823/L771*SUMIF($D$25:$D$35,$C97,L$25:L$35),"-") -> 9097.7262 | M97: =IFERROR(M823/M771*SUMIF($D$25:$D$35,$C97,M$25:M$35),"-") -> 9097.7262 | ... BM97: =IFERROR(BM823/BM771*SUMIF($D$25:$D$35,$C97,BM$25:BM$35),"-") -> 157693.92
B98: =B772 -> Dedicated for Hoplens (FLA) 14xx | C98: =C772 -> Hoplens (FLA) 14xx | D98: =D772 -> Lensing | F98: =IFERROR(F824/F772*SUMIF($D$25:$D$35,$C98,F$25:F$35),"-") -> 3157.1829 | G98: =IFERROR(G824/G772*SUMIF($D$25:$D$35,$C98,G$25:G$35),"-") -> 3919.7088 | H98: =IFERROR(H824/H772*SUMIF($D$25:$D$35,$C98,H$25:H$35),"-") -> 3919.7088 | I98: =IFERROR(I824/I772*SUMIF($D$25:$D$35,$C98,I$25:I$35),"-") -> 3919.7088 | J98: =IFERROR(J824/J772*SUMIF($D$25:$D$35,$C98,J$25:J$35),"-") -> 3919.7088 | K98: =IFERROR(K824/K772*SUMIF($D$25:$D$35,$C98,K$25:K$35),"-") -> 3919.7088 | L98: =IFERROR(L824/L772*SUMIF($D$25:$D$35,$C98,L$25:L$35),"-") -> 3919.7088 | M98: =IFERROR(M824/M772*SUMIF($D$25:$D$35,$C98,M$25:M$35),"-") -> 3919.7088 | ... BM98: =IFERROR(BM824/BM772*SUMIF($D$25:$D$35,$C98,BM$25:BM$35),"-") -> 74118.13
B99: =B773 -> Dedicated for Hoplens (FLA) 14xx | C99: =C773 -> Hoplens (FLA) 14xx | D99: =D773 -> Final Stripping | F99: =IFERROR(F825/F773*SUMIF($D$25:$D$35,$C99,F$25:F$35),"-") -> 5586.5891 | G99: =IFERROR(G825/G773*SUMIF($D$25:$D$35,$C99,G$25:G$35),"-") -> 5674.8007 | H99: =IFERROR(H825/H773*SUMIF($D$25:$D$35,$C99,H$25:H$35),"-") -> 5674.8007 | I99: =IFERROR(I825/I773*SUMIF($D$25:$D$35,$C99,I$25:I$35),"-") -> 5674.8007 | J99: =IFERROR(J825/J773*SUMIF($D$25:$D$35,$C99,J$25:J$35),"-") -> 5674.8007 | K99: =IFERROR(K825/K773*SUMIF($D$25:$D$35,$C99,K$25:K$35),"-") -> 5674.8007 | L99: =IFERROR(L825/L773*SUMIF($D$25:$D$35,$C99,L$25:L$35),"-") -> 5674.8007 | M99: =IFERROR(M825/M773*SUMIF($D$25:$D$35,$C99,M$25:M$35),"-") -> 5674.8007 | ... BM99: =IFERROR(BM825/BM773*SUMIF($D$25:$D$35,$C99,BM$25:BM$35),"-") -> 98363.213
B100: =B774 -> Dedicated for Hoplens (FLA) 14xx | C100: =C774 -> Hoplens (FLA) 14xx | D100: =D774 -> AR Coating load | F100: =IFERROR(F826/F774*SUMIF($D$25:$D$35,$C100,F$25:F$35),"-") -> 25853.926 | G100: =IFERROR(G826/G774*SUMIF($D$25:$D$35,$C100,G$25:G$35),"-") -> 26262.157 | H100: =IFERROR(H826/H774*SUMIF($D$25:$D$35,$C100,H$25:H$35),"-") -> 26262.157 | I100: =IFERROR(I826/I774*SUMIF($D$25:$D$35,$C100,I$25:I$35),"-") -> 26262.157 | J100: =IFERROR(J826/J774*SUMIF($D$25:$D$35,$C100,J$25:J$35),"-") -> 26262.157 | K100: =IFERROR(K826/K774*SUMIF($D$25:$D$35,$C100,K$25:K$35),"-") -> 26262.157 | L100: =IFERROR(L826/L774*SUMIF($D$25:$D$35,$C100,L$25:L$35),"-") -> 26262.157 | M100: =IFERROR(M826/M774*SUMIF($D$25:$D$35,$C100,M$25:M$35),"-") -> 26262.157 | ... BM100: =IFERROR(BM826/BM774*SUMIF($D$25:$D$35,$C100,BM$25:BM$35),"-") -> 341408.04
... B124: =B798 -> Dedicated for Hoplens (FTA) HRS | C124: =C798 -> Hoplens (FTA) HRS | D124: =D798 -> Packing and label printing | F124: =IFERROR(F850/F798*SUMIF($D$25:$D$35,$C124,F$25:F$35),"-") -> 3913.4118 | G124: =IFERROR(G850/G798*SUMIF($D$25:$D$35,$C124,G$25:G$35),"-") -> 7826.8235 | H124: =IFERROR(H850/H798*SUMIF($D$25:$D$35,$C124,H$25:H$35),"-") -> 7826.8235 | I124: =IFERROR(I850/I798*SUMIF($D$25:$D$35,$C124,I$25:I$35),"-") -> 7826.8235 | J124: =IFERROR(J850/J798*SUMIF($D$25:$D$35,$C124,J$25:J$35),"-") -> 7826.8235 | K124: =IFERROR(K850/K798*SUMIF($D$25:$D$35,$C124,K$25:K$35),"-") -> 7826.8235 | L124: =IFERROR(L850/L798*SUMIF($D$25:$D$35,$C124,L$25:L$35),"-") -> 7826.8235 | M124: =IFERROR(M850/M798*SUMIF($D$25:$D$35,$C124,M$25:M$35),"-") -> 7826.8235 | ... BM124: =IFERROR(BM850/BM798*SUMIF($D$25:$D$35,$C124,BM$25:BM$35),"-") -> 101748.71
B125: =B799 -> 0 | C125: =C799 -> 0 | D125: =D799 -> 0
S126: 10.883333 | T126: =S126/60 -> 0.18138889 | U126: =21*0.9/T126 -> 104.19602
...
